{"type":"FeatureCollection","crs":{"type":"name","properties":{"name":"EPSG:4326"}},"features":[{"type":"Feature","id":1,"geometry":{"type":"LineString","coordinates":[[-63.5773491413388,44.6372980100192],[-63.5776852990029,44.6379935892791]]},"properties":{"OBJECTID":1,"PPID":"PP462","TYPE":"P","ADDDATE":"Thu, 28 Jan 2021 15:52:53 GMT","MODDATE":"Wed, 15 May 2024 16:30:14 GMT","SDATE":"Sun, 28 Feb 2021 00:00:00 GMT","SOURCE":"Parking Services","SACC":"DG","COMMUTER":"N","GLOBALID":"7c39d189-46c9-4612-89f1-3bc11f9e43cd"}},{"type":"Feature","id":2,"geometry":{"type":"LineString","coordinates":[[-63.5946586608692,44.6575881431748],[-63.593395764327,44.656702093001]]},"properties":{"OBJECTID":2,"PPID":"PP610","TYPE":"P","ADDDATE":"Tue, 10 Jan 2023 14:55:54 GMT","MODDATE":"Mon, 13 May 2024 15:41:50 GMT","SDATE":"Tue, 10 Jan 2023 10:56:57 GMT","SOURCE":"Parking Enforcement","SACC":"PH","COMMUTER":"Y","GLOBALID":"c5ebdebc-a0e2-48ca-bd20-656a24766ea6"}},{"type":"Feature","id":3,"geometry":{"type":"LineString","coordinates":[[-63.6011614044125,44.6624836772377],[-63.601092577292,44.6625283643787],[-63.5999710845587,44.6633875896815]]},"properties":{"OBJECTID":3,"PPID":"PP320","TYPE":"P","ADDDATE":"Mon, 09 Sep 2019 18:44:37 GMT","MODDATE":"Mon, 13 May 2024 15:41:50 GMT","SDATE":"Mon, 09 Sep 2019 00:00:00 GMT","SOURCE":"Parking Enforcement","SACC":"DG","COMMUTER":"Y","GLOBALID":"5ee44a47-9274-43ab-9291-bbff5c07170b"}},{"type":"Feature","id":4,"geometry":{"type":"LineString","coordinates":[[-63.5852449571904,44.6553668610146],[-63.5837653941882,44.6543551350934]]},"properties":{"OBJECTID":4,"PPID":"PP561","TYPE":"P","ADDDATE":"Thu, 09 Dec 2021 15:17:52 GMT","MODDATE":"Mon, 13 May 2024 15:41:50 GMT","SDATE":"Thu, 09 Dec 2021 11:19:49 GMT","SOURCE":"Parking Enforcement","SACC":"PH","COMMUTER":"Y","GLOBALID":"040d4eda-5fd1-4d4f-8b3c-893f37dbb6d7"}},{"type":"Feature","id":5,"geometry":{"type":"LineString","coordinates":[[-63.6012086036941,44.663439101763],[-63.6007506353758,44.6638006862409]]},"properties":{"OBJECTID":5,"PPID":"PP722","TYPE":"P","ADDDATE":"Wed, 20 Sep 2023 18:05:48 GMT","MODDATE":"Mon, 13 May 2024 15:41:50 GMT","SDATE":"Wed, 20 Sep 2023 00:00:00 GMT","SOURCE":"Parking Enforcement","SACC":"IN","COMMUTER":"Y","GLOBALID":"b7d0ea32-fd4b-4dd4-bfde-3131a2785bb8"}},{"type":"Feature","id":6,"geometry":{"type":"LineString","coordinates":[[-63.5944778282058,44.6430136899994],[-63.5934526546339,44.643293612812]]},"properties":{"OBJECTID":6,"PPID":"PP351","TYPE":"P","ADDDATE":"Mon, 02 Nov 2020 17:56:31 GMT","MODDATE":"Mon, 13 May 2024 15:41:50 GMT","SDATE":"Mon, 02 Nov 2020 00:00:00 GMT","SOURCE":"Parking Enforcement","SACC":"DG","COMMUTER":"Y","GLOBALID":"d5324573-b380-44f6-84a9-a2e46974de19"}},{"type":"Feature","id":7,"geometry":{"type":"LineString","coordinates":[[-63.5823982167163,44.6304429921781],[-63.5817644409103,44.6291593311235]]},"properties":{"OBJECTID":7,"PPID":"PP783","TYPE":"P","ADDDATE":"Mon, 16 Dec 2024 12:13:38 GMT","MODDATE":"Mon, 16 Dec 2024 12:18:41 GMT","SDATE":"Fri, 13 Dec 2024 00:00:00 GMT","SOURCE":"Parking Enforcement","SACC":"IN","COMMUTER":"Y","GLOBALID":"bfa1834a-4221-48a0-b8f0-c67f98150617"}},{"type":"Feature","id":8,"geometry":{"type":"LineString","coordinates":[[-63.591315214925,44.6563648875918],[-63.5908040106462,44.6560158221717]]},"properties":{"OBJECTID":8,"PPID":"PP544","TYPE":"P","ADDDATE":"Mon, 08 Nov 2021 19:35:38 GMT","MODDATE":"Mon, 13 May 2024 15:07:15 GMT","SDATE":"Mon, 08 Nov 2021 15:36:03 GMT","SOURCE":"Parking Enforcement","SACC":"PH","COMMUTER":"N","GLOBALID":"79c4a563-3aaa-4370-947c-dfe458a29e86"}},{"type":"Feature","id":9,"geometry":{"type":"LineString","coordinates":[[-63.6027512068697,44.6714418305873],[-63.6030916521927,44.6711847103035]]},"properties":{"OBJECTID":9,"PPID":"PP494","TYPE":"P","ADDDATE":"Wed, 26 May 2021 17:58:14 GMT","MODDATE":"Mon, 13 May 2024 15:41:50 GMT","SDATE":"Wed, 26 May 2021 15:13:43 GMT","SOURCE":"Parking Enforcement","SACC":"PH","COMMUTER":"Y","GLOBALID":"bf9145ce-c865-49ea-957f-90376ba62163"}},{"type":"Feature","id":10,"geometry":{"type":"LineString","coordinates":[[-63.5916432985314,44.6523194922282],[-63.5921327725634,44.6526606410566]]},"properties":{"OBJECTID":10,"PPID":"PP660","TYPE":"P","ADDDATE":"Mon, 01 May 2023 13:06:44 GMT","MODDATE":"Mon, 13 May 2024 15:41:50 GMT","SDATE":"Mon, 01 May 2023 00:00:00 GMT","SOURCE":"Parking Enforcement","SACC":"IN","COMMUTER":"Y","GLOBALID":"0870463d-bb69-4dd3-9520-1703e5556e99"}},{"type":"Feature","id":11,"geometry":{"type":"LineString","coordinates":[[-63.5654728572255,44.6647591475264],[-63.5655803909549,44.6648153939897]]},"properties":{"OBJECTID":11,"PPID":"PP570","TYPE":"P","ADDDATE":"Tue, 18 Jan 2022 19:05:39 GMT","MODDATE":"Mon, 13 May 2024 15:26:07 GMT","SDATE":"Tue, 18 Jan 2022 15:08:55 GMT","SOURCE":"Parking Enforcement","SACC":"PH","COMMUTER":"N","GLOBALID":"4d592c3d-2e72-4cf2-a503-8a434cb862fa"}},{"type":"Feature","id":12,"geometry":{"type":"LineString","coordinates":[[-63.5934055209293,44.6577805381462],[-63.5931334472809,44.6575892767423]]},"properties":{"OBJECTID":12,"PPID":"PP628","TYPE":"P","ADDDATE":"Tue, 14 Feb 2023 18:55:43 GMT","MODDATE":"Mon, 13 May 2024 15:41:50 GMT","SDATE":"Tue, 14 Feb 2023 00:00:00 GMT","SOURCE":"Parking Enforcement","SACC":"IN","COMMUTER":"Y","GLOBALID":"ad78e8bf-2118-4dc0-8814-9e1c3d527fe6"}},{"type":"Feature","id":13,"geometry":{"type":"LineString","coordinates":[[-63.594361172983,44.6625933823821],[-63.5947245927194,44.6628860148873]]},"properties":{"OBJECTID":13,"PPID":"PP692","TYPE":"P","ADDDATE":"Tue, 08 Aug 2023 10:58:20 GMT","MODDATE":"Mon, 13 May 2024 15:41:50 GMT","SDATE":"Fri, 04 Aug 2023 00:00:00 GMT","SOURCE":"Parking Enforcement","SACC":"IN","COMMUTER":"Y","GLOBALID":"1ca1ca41-2ec2-4eec-887a-5b611c10a45d"}},{"type":"Feature","id":14,"geometry":{"type":"LineString","coordinates":[[-63.5852858610785,44.6321306238316],[-63.5858905027232,44.6319794944389]]},"properties":{"OBJECTID":14,"PPID":"PP702","TYPE":"P","ADDDATE":"Thu, 24 Aug 2023 11:00:56 GMT","MODDATE":"Mon, 13 May 2024 15:41:50 GMT","SDATE":"Wed, 23 Aug 2023 00:00:00 GMT","SOURCE":"Parking Enforcement","SACC":"IN","COMMUTER":"Y","GLOBALID":"0dea9828-0ff1-4106-9a9a-a9eabcd8d5d3"}},{"type":"Feature","id":15,"geometry":{"type":"LineString","coordinates":[[-63.6040941558801,44.6704383522334],[-63.6044099172957,44.6702023312911]]},"properties":{"OBJECTID":15,"PPID":"PP496","TYPE":"P","ADDDATE":"Wed, 26 May 2021 18:04:30 GMT","MODDATE":"Mon, 13 May 2024 15:41:50 GMT","SDATE":"Wed, 26 May 2021 15:13:43 GMT","SOURCE":"Parking Enforcement","SACC":"PH","COMMUTER":"Y","GLOBALID":"263b8f85-7b1a-4645-9df8-dc6f386532e3"}},{"type":"Feature","id":16,"geometry":{"type":"LineString","coordinates":[[-63.5782383998082,44.6292274334525],[-63.5790058054026,44.6289832770972],[-63.5791122747733,44.6289573676184],[-63.5792204859158,44.6289354149898],[-63.5793301486964,44.6289174780748],[-63.5794409690891,44.6289036049693],[-63.5797352922105,44.6288766192342],[-63.5797532480409,44.628874610258],[-63.5797707891544,44.6288712202833],[-63.5797877064936,44.628866489712],[-63.579803798435,44.6288604749235],[-63.5798188731928,44.6288532476024],[-63.5798327511038,44.6288448938846],[-63.5798452667689,44.6288355133304],[-63.5798562710248,44.6288252177382],[-63.5798720498818,44.6288134248789],[-63.579890010043,44.6288033354152],[-63.579909791762,44.6287951514424],[-63.5799309988063,44.6287890368884],[-63.5799532063936,44.6287851142297],[-63.5799759697006,44.6287834620385],[-63.5799988327727,44.628784113409],[-63.5800213376571,44.6287870552939],[-63.5800430335756,44.6287922287662],[-63.5800634859535,44.6287995301994],[-63.580082285125,44.6288088133433],[-63.5800990545379,44.6288198922534],[-63.580113458297,44.6288325450154],[-63.5801252078914,44.6288465181906],[-63.580134067974,44.628861531892],[-63.5801398610751,44.6288772853909]]},"properties":{"OBJECTID":16,"PPID":"PP621","TYPE":"P","ADDDATE":"Fri, 10 Feb 2023 19:23:58 GMT","MODDATE":"Mon, 13 May 2024 15:41:50 GMT","SDATE":"Fri, 10 Feb 2023 00:00:00 GMT","SOURCE":"Parking Enforcement","SACC":"PH","COMMUTER":"Y","GLOBALID":"f25eb13b-e2c9-44d8-8404-13c927b8dd92"}},{"type":"Feature","id":17,"geometry":{"type":"LineString","coordinates":[[-63.5997789268346,44.6633238108082],[-63.6008928674313,44.6640770311052]]},"properties":{"OBJECTID":17,"PPID":"PP608","TYPE":"P","ADDDATE":"Mon, 19 Dec 2022 19:33:32 GMT","MODDATE":"Mon, 13 May 2024 15:41:50 GMT","SDATE":"Mon, 19 Dec 2022 00:00:00 GMT","SOURCE":"Parking Enforcement","SACC":"PH","COMMUTER":"Y","GLOBALID":"d19cd059-6e44-4d11-80c6-d30ab7551abd"}},{"type":"Feature","id":18,"geometry":{"type":"LineString","coordinates":[[-63.593906522143,44.6398292235011],[-63.5937686011025,44.6395669850129]]},"properties":{"OBJECTID":18,"PPID":"PP516","TYPE":"P","ADDDATE":"Fri, 13 Aug 2021 16:02:16 GMT","MODDATE":"Mon, 13 May 2024 15:41:50 GMT","SDATE":"Fri, 13 Aug 2021 09:17:01 GMT","SOURCE":"Parking Enforcement","SACC":"PH","COMMUTER":"Y","GLOBALID":"6f007471-d28c-461c-ad24-67912130c098"}},{"type":"Feature","id":19,"geometry":{"type":"LineString","coordinates":[[-63.5945900188017,44.6390934782562],[-63.5939486198922,44.6392466166386]]},"properties":{"OBJECTID":19,"PPID":"PP520","TYPE":"P","ADDDATE":"Fri, 13 Aug 2021 16:02:16 GMT","MODDATE":"Mon, 13 May 2024 15:41:50 GMT","SDATE":"Fri, 13 Aug 2021 09:24:30 GMT","SOURCE":"Parking Enforcement","SACC":"PH","COMMUTER":"Y","GLOBALID":"5fcee079-d315-4153-b6f2-1535a74b06a0"}},{"type":"Feature","id":20,"geometry":{"type":"LineString","coordinates":[[-63.5988590142544,44.659330753406],[-63.598347677025,44.6597034674643]]},"properties":{"OBJECTID":20,"PPID":"PP723","TYPE":"P","ADDDATE":"Wed, 04 Oct 2023 10:56:13 GMT","MODDATE":"Mon, 13 May 2024 15:41:50 GMT","SDATE":"Tue, 03 Oct 2023 00:00:00 GMT","SOURCE":"Parking Enforcement","SACC":"IN","COMMUTER":"Y","GLOBALID":"8ac332f3-b6eb-4fec-8ffb-dc5ec98311f3"}},{"type":"Feature","id":21,"geometry":{"type":"LineString","coordinates":[[-63.5836203198631,44.6333349302868],[-63.5837794034151,44.6337524465759]]},"properties":{"OBJECTID":21,"PPID":"PP530","TYPE":"P","ADDDATE":"Wed, 15 Sep 2021 16:58:52 GMT","MODDATE":"Mon, 13 May 2024 15:41:50 GMT","SDATE":"Mon, 06 Feb 2023 00:00:00 GMT","SOURCE":"Parking Enforcement","SACC":"PH","COMMUTER":"Y","GLOBALID":"815db10a-2d74-40b3-a437-fb1944ec4414"}},{"type":"Feature","id":22,"geometry":{"type":"LineString","coordinates":[[-63.5835741482541,44.6332042980136],[-63.5834130659506,44.6327807763811]]},"properties":{"OBJECTID":22,"PPID":"PP529","TYPE":"P","ADDDATE":"Wed, 15 Sep 2021 16:58:34 GMT","MODDATE":"Mon, 13 May 2024 15:41:50 GMT","SDATE":"Wed, 15 Sep 2021 13:59:08 GMT","SOURCE":"Parking Enforcement","SACC":"PH","COMMUTER":"Y","GLOBALID":"2c7654c5-ffc7-486e-8308-ec64bdda6b22"}},{"type":"Feature","id":23,"geometry":{"type":"LineString","coordinates":[[-63.5788175472651,44.6375027815872],[-63.5787029626591,44.6371341935228]]},"properties":{"OBJECTID":23,"PPID":"PP584","TYPE":"P","ADDDATE":"Thu, 28 Jul 2022 12:14:25 GMT","MODDATE":"Mon, 13 May 2024 15:41:50 GMT","SDATE":"Thu, 28 Jul 2022 00:00:00 GMT","SOURCE":"Parking Enforcement","SACC":"PH","COMMUTER":"Y","GLOBALID":"9a102a81-c41b-4196-9bf4-438614b5677a"}},{"type":"Feature","id":24,"geometry":{"type":"LineString","coordinates":[[-63.5838580158839,44.6339537109455],[-63.5841164701743,44.6345861328464]]},"properties":{"OBJECTID":24,"PPID":"PP531","TYPE":"P","ADDDATE":"Wed, 15 Sep 2021 17:00:00 GMT","MODDATE":"Mon, 13 May 2024 15:41:50 GMT","SDATE":"Wed, 01 Sep 2021 14:00:13 GMT","SOURCE":"Parking Enforcement","SACC":"PH","COMMUTER":"Y","GLOBALID":"9fe46a21-d994-49dd-a8c6-8528da1b4a9e"}},{"type":"Feature","id":25,"geometry":{"type":"LineString","coordinates":[[-63.5829273046557,44.6513288602326],[-63.5834693993021,44.6511041565839]]},"properties":{"OBJECTID":25,"PPID":"PP567","TYPE":"P","ADDDATE":"Tue, 21 Dec 2021 18:41:44 GMT","MODDATE":"Mon, 13 May 2024 15:41:50 GMT","SDATE":"Thu, 25 Oct 2018 00:00:00 GMT","SOURCE":"Parking Enforcement","SACC":"PH","COMMUTER":"Y","GLOBALID":"67705b44-7cf3-4e99-967d-53050e34283c"}},{"type":"Feature","id":26,"geometry":{"type":"LineString","coordinates":[[-63.577986935309,44.6338995977702],[-63.577985841161,44.6346726204439],[-63.5780699108952,44.6349591804457]]},"properties":{"OBJECTID":26,"PPID":"PP715","TYPE":"P","ADDDATE":"Tue, 12 Sep 2023 13:19:08 GMT","MODDATE":"Fri, 22 Nov 2024 14:34:59 GMT","SDATE":"Tue, 12 Sep 2023 00:00:00 GMT","SOURCE":"Parking Enforcement","SACC":"IN","COMMUTER":"N","GLOBALID":"110afdf3-5f16-4ef8-979c-165707c62da3"}},{"type":"Feature","id":27,"geometry":{"type":"LineString","coordinates":[[-63.5714911348445,44.6391542214086],[-63.5710575063788,44.639268110733]]},"properties":{"OBJECTID":27,"PPID":"PP613","TYPE":"P","ADDDATE":"Mon, 06 Feb 2023 12:40:23 GMT","MODDATE":"Wed, 15 May 2024 17:09:14 GMT","SDATE":"Mon, 06 Feb 2023 00:00:00 GMT","SOURCE":"Parking Enforcement","SACC":"PH","COMMUTER":"Y","GLOBALID":"2cbb8453-f6e5-416e-add0-bbc2b5910b4e"}},{"type":"Feature","id":28,"geometry":{"type":"LineString","coordinates":[[-63.5939566777803,44.639994597749],[-63.5931523128001,44.6402207979333]]},"properties":{"OBJECTID":28,"PPID":"PP689","TYPE":"P","ADDDATE":"Wed, 26 Jul 2023 14:54:21 GMT","MODDATE":"Mon, 13 May 2024 15:41:50 GMT","SDATE":"Wed, 26 Jul 2023 00:00:00 GMT","SOURCE":"Parking Enforcement","SACC":"IN","COMMUTER":"Y","GLOBALID":"a46a8da7-93aa-46ce-8ec3-1a30e1b0d1cc"}},{"type":"Feature","id":29,"geometry":{"type":"LineString","coordinates":[[-63.5795040074659,44.6334884348181],[-63.5790507481163,44.633592040079]]},"properties":{"OBJECTID":29,"PPID":"PP583","TYPE":"P","ADDDATE":"Thu, 28 Jul 2022 11:43:26 GMT","MODDATE":"Fri, 11 Oct 2024 16:26:29 GMT","SDATE":"Thu, 28 Jul 2022 00:00:00 GMT","SOURCE":"Parking Enforcement","SACC":"PH","COMMUTER":"N","GLOBALID":"1efa95be-c968-4c21-b1c5-09304cd0aca5"}},{"type":"Feature","id":30,"geometry":{"type":"LineString","coordinates":[[-63.5995278809504,44.6544285545704],[-63.5990218779171,44.6541159532153]]},"properties":{"OBJECTID":30,"PPID":"PP537","TYPE":"P","ADDDATE":"Fri, 08 Oct 2021 14:30:18 GMT","MODDATE":"Mon, 13 May 2024 15:41:50 GMT","SDATE":"Fri, 08 Oct 2021 11:30:35 GMT","SOURCE":"Parking Enforcement","SACC":"PH","COMMUTER":"Y","GLOBALID":"7a9edcf7-6ff5-4d49-a5ec-22f7319b4f48"}},{"type":"Feature","id":31,"geometry":{"type":"LineString","coordinates":[[-63.5867183945807,44.6350131321841],[-63.5861019239203,44.6351576631467]]},"properties":{"OBJECTID":31,"PPID":"PP534","TYPE":"P","ADDDATE":"Fri, 01 Oct 2021 18:18:42 GMT","MODDATE":"Mon, 13 May 2024 15:41:50 GMT","SDATE":"Fri, 01 Oct 2021 15:19:53 GMT","SOURCE":"Parking Enforcement","SACC":"PH","COMMUTER":"Y","GLOBALID":"61cebd11-f50e-4724-99dd-c99d856dead5"}},{"type":"Feature","id":32,"geometry":{"type":"LineString","coordinates":[[-63.5846303397545,44.6506185908662],[-63.58490637138,44.6504879380705]]},"properties":{"OBJECTID":32,"PPID":"PP568","TYPE":"P","ADDDATE":"Tue, 21 Dec 2021 18:45:52 GMT","MODDATE":"Mon, 13 May 2024 15:41:50 GMT","SDATE":"Thu, 25 Oct 2018 00:00:00 GMT","SOURCE":"Parking Enforcement","SACC":"PH","COMMUTER":"Y","GLOBALID":"6325df5d-22a7-4e9f-9546-d7ec4c47b8c0"}},{"type":"Feature","id":33,"geometry":{"type":"LineString","coordinates":[[-63.5801426907683,44.6288834348739],[-63.5801276385974,44.6289357965549],[-63.5800939517742,44.6289671282575],[-63.5800668451105,44.6289821474457],[-63.5799986584889,44.628996270325],[-63.5799559885129,44.6289959263791],[-63.5799055768558,44.6289853625092],[-63.5798380855302,44.6289554730886],[-63.5798042325187,44.6289473002125],[-63.5797409821395,44.6289490474333],[-63.5796870984938,44.6289582073961],[-63.5793038277863,44.6289973302921],[-63.579253159211,44.6290030616573],[-63.5791831247548,44.6290180277739],[-63.5790902012252,44.6290411162458],[-63.5779160663179,44.6294065432319]]},"properties":{"OBJECTID":33,"PPID":"PP650","TYPE":"P","ADDDATE":"Tue, 28 Mar 2023 13:21:12 GMT","MODDATE":"Mon, 13 May 2024 15:41:50 GMT","SDATE":"Tue, 04 Apr 2023 00:00:00 GMT","SOURCE":"Parking Enforcement","SACC":"IN","COMMUTER":"Y","GLOBALID":"22f0f0a0-4593-40c4-9a27-efd2530ff375"}},{"type":"Feature","id":34,"geometry":{"type":"LineString","coordinates":[[-63.5909491478534,44.6412115512534],[-63.5912551382937,44.6421981663569]]},"properties":{"OBJECTID":34,"PPID":"PP764","TYPE":"P","ADDDATE":"Tue, 30 Jan 2024 11:57:26 GMT","MODDATE":"Mon, 13 May 2024 15:41:50 GMT","SDATE":"Mon, 29 Jan 2024 00:00:00 GMT","SOURCE":"Parking Enforcement","SACC":"IN","COMMUTER":"Y","GLOBALID":"f9bb5818-77a6-48bf-a0f3-c6d041ed2b9b"}},{"type":"Feature","id":35,"geometry":{"type":"LineString","coordinates":[[-63.602185534142,44.6685007297633],[-63.6018814616049,44.6682953623026]]},"properties":{"OBJECTID":35,"PPID":"PP548","TYPE":"P","ADDDATE":"Thu, 18 Nov 2021 12:46:45 GMT","MODDATE":"Mon, 13 May 2024 15:04:44 GMT","SDATE":"Thu, 18 Nov 2021 08:47:41 GMT","SOURCE":"Parking Enforcement","SACC":"PH","COMMUTER":"N","GLOBALID":"8633596a-27bc-4504-8a7f-529c1b644d7b"}},{"type":"Feature","id":36,"geometry":{"type":"LineString","coordinates":[[-63.6001095230288,44.6634822649712],[-63.6012974515673,44.6625752379195]]},"properties":{"OBJECTID":36,"PPID":"PP321","TYPE":"P","ADDDATE":"Mon, 09 Sep 2019 18:44:37 GMT","MODDATE":"Mon, 13 May 2024 15:41:50 GMT","SDATE":"Mon, 09 Sep 2019 00:00:00 GMT","SOURCE":"Parking Enforcement","SACC":"DG","COMMUTER":"Y","GLOBALID":"9d41588c-6a3b-4276-bcfd-7cdcdf9ac203"}},{"type":"Feature","id":37,"geometry":{"type":"LineString","coordinates":[[-63.589904045157,44.6418650254211],[-63.5897856993048,44.6418983309081]]},"properties":{"OBJECTID":37,"PPID":"PP632","TYPE":"P","ADDDATE":"Wed, 08 Mar 2023 13:10:47 GMT","MODDATE":"Mon, 13 May 2024 15:41:50 GMT","SDATE":"Wed, 08 Mar 2023 00:00:00 GMT","SOURCE":"Parking Enforcement","SACC":"IN","COMMUTER":"Y","GLOBALID":"e9352eca-632a-4bf0-b973-72cb08c6a605"}},{"type":"Feature","id":38,"geometry":{"type":"LineString","coordinates":[[-63.600297216126,44.6593282850633],[-63.5997355840205,44.6597308056298]]},"properties":{"OBJECTID":38,"PPID":"PP668","TYPE":"P","ADDDATE":"Mon, 01 May 2023 13:13:44 GMT","MODDATE":"Mon, 13 May 2024 15:41:50 GMT","SDATE":"Mon, 01 May 2023 00:00:00 GMT","SOURCE":"Parking Enforcement","SACC":"IN","COMMUTER":"Y","GLOBALID":"3a3c4bc1-002a-4696-a105-7315048e7b94"}},{"type":"Feature","id":39,"geometry":{"type":"LineString","coordinates":[[-63.5873223032001,44.6317905254091],[-63.5869081555996,44.6308741856567]]},"properties":{"OBJECTID":39,"PPID":"PP666","TYPE":"P","ADDDATE":"Mon, 01 May 2023 13:11:40 GMT","MODDATE":"Mon, 13 May 2024 15:41:50 GMT","SDATE":"Mon, 01 May 2023 00:00:00 GMT","SOURCE":"Parking Enforcement","SACC":"IN","COMMUTER":"Y","GLOBALID":"e5030f80-dee5-49c9-bfae-79763e682b91"}},{"type":"Feature","id":40,"geometry":{"type":"LineString","coordinates":[[-63.5948605302798,44.6415945655968],[-63.594529846949,44.6409873191088]]},"properties":{"OBJECTID":40,"PPID":"PP518","TYPE":"P","ADDDATE":"Fri, 13 Aug 2021 16:02:16 GMT","MODDATE":"Mon, 13 May 2024 15:41:50 GMT","SDATE":"Fri, 13 Aug 2021 09:21:16 GMT","SOURCE":"Parking Enforcement","SACC":"PH","COMMUTER":"Y","GLOBALID":"456ad05d-cdef-4551-9b2e-acd6f6cb762a"}},{"type":"Feature","id":41,"geometry":{"type":"LineString","coordinates":[[-63.6022872405002,44.6616029341977],[-63.6018608803034,44.6619301141806]]},"properties":{"OBJECTID":41,"PPID":"PP729","TYPE":"P","ADDDATE":"Wed, 11 Oct 2023 11:15:52 GMT","MODDATE":"Mon, 13 May 2024 15:41:50 GMT","SDATE":"Wed, 11 Oct 2023 00:00:00 GMT","SOURCE":"Parking Enforcement","SACC":"IN","COMMUTER":"Y","GLOBALID":"b8b47227-1cf1-4db5-b116-4227ae26aaa0"}},{"type":"Feature","id":42,"geometry":{"type":"LineString","coordinates":[[-63.5856466460562,44.6555833604916],[-63.5859172608406,44.6554059015656],[-63.5861001299847,44.6552840345089],[-63.5861252631776,44.6552648603809],[-63.5861476729556,44.6552440477379],[-63.586167149406,44.6552217915309],[-63.5861835100923,44.6551983002326],[-63.5861966017637,44.6551737938851],[-63.5862063017902,44.6551485020389],[-63.5862125193114,44.6551226616022],[-63.5862151960877,44.6550965146226]]},"properties":{"OBJECTID":42,"PPID":"PP152","TYPE":"P","ADDDATE":"Fri, 08 Feb 2019 21:35:52 GMT","MODDATE":"Mon, 13 May 2024 15:41:50 GMT","SDATE":"Thu, 25 Oct 2018 00:00:00 GMT","SOURCE":"Parking Enforcement","SACC":"DG","COMMUTER":"Y","GLOBALID":"a2981986-229e-48db-9a26-e84fc5619130"}},{"type":"Feature","id":43,"geometry":{"type":"LineString","coordinates":[[-63.6027680619594,44.6623416806478],[-63.6023554477831,44.6626489377036]]},"properties":{"OBJECTID":43,"PPID":"PP720","TYPE":"P","ADDDATE":"Wed, 20 Sep 2023 18:05:48 GMT","MODDATE":"Mon, 13 May 2024 15:41:50 GMT","SDATE":"Wed, 20 Sep 2023 00:00:00 GMT","SOURCE":"Parking Enforcement","SACC":"IN","COMMUTER":"Y","GLOBALID":"95af7fd0-026d-4b6a-8e36-8885085dc76f"}},{"type":"Feature","id":44,"geometry":{"type":"LineString","coordinates":[[-63.5751513510124,44.6361728772363],[-63.5748210889915,44.6354985613338]]},"properties":{"OBJECTID":44,"PPID":"PP710","TYPE":"P","ADDDATE":"Fri, 01 Sep 2023 13:10:04 GMT","MODDATE":"Mon, 13 May 2024 15:41:50 GMT","SDATE":"Fri, 01 Sep 2023 00:00:00 GMT","SOURCE":"Parking Enforcement","SACC":"IN","COMMUTER":"Y","GLOBALID":"d39e7625-d2a8-47b6-8701-069978d03f84"}},{"type":"Feature","id":45,"geometry":{"type":"LineString","coordinates":[[-63.5851045567997,44.65039338727],[-63.5853365916376,44.6505454451991]]},"properties":{"OBJECTID":45,"PPID":"PP111","TYPE":"P","ADDDATE":"Fri, 08 Feb 2019 21:35:52 GMT","MODDATE":"Mon, 13 May 2024 15:07:15 GMT","SDATE":"Thu, 25 Oct 2018 00:00:00 GMT","SOURCE":"Parking Enforcement","SACC":"DG","COMMUTER":"N","GLOBALID":"09c7f283-c57f-4c99-943f-2534e0c4d42e"}},{"type":"Feature","id":46,"geometry":{"type":"LineString","coordinates":[[-63.5883513979182,44.6422870624619],[-63.5880843413606,44.6423576350692]]},"properties":{"OBJECTID":46,"PPID":"PP638","TYPE":"P","ADDDATE":"Wed, 08 Mar 2023 13:10:47 GMT","MODDATE":"Mon, 13 May 2024 15:41:50 GMT","SDATE":"Wed, 08 Mar 2023 00:00:00 GMT","SOURCE":"Parking Enforcement","SACC":"IN","COMMUTER":"Y","GLOBALID":"b601766c-ea86-4910-ba1f-f242a6af1155"}},{"type":"Feature","id":47,"geometry":{"type":"LineString","coordinates":[[-63.5928017829898,44.6481817188452],[-63.591902522678,44.6474533262929]]},"properties":{"OBJECTID":47,"PPID":"PP765","TYPE":"P","ADDDATE":"Tue, 30 Jan 2024 18:33:55 GMT","MODDATE":"Mon, 13 May 2024 15:41:50 GMT","SDATE":"Tue, 30 Jan 2024 00:00:00 GMT","SOURCE":"Parking Enforcement","SACC":"IN","COMMUTER":"Y","GLOBALID":"09a070fb-7983-49e7-aaa5-9c6566f2d9ba"}},{"type":"Feature","id":48,"geometry":{"type":"LineString","coordinates":[[-63.5939419705625,44.6447840814804],[-63.593729474082,44.6443734002249]]},"properties":{"OBJECTID":48,"PPID":"PP696","TYPE":"P","ADDDATE":"Tue, 15 Aug 2023 10:55:59 GMT","MODDATE":"Mon, 13 May 2024 15:41:50 GMT","SDATE":"Mon, 14 Aug 2023 00:00:00 GMT","SOURCE":"Parking Enforcement","SACC":"IN","COMMUTER":"Y","GLOBALID":"c0fb5e80-b995-439e-b6dc-26fa3e6ade76"}},{"type":"Feature","id":49,"geometry":{"type":"LineString","coordinates":[[-63.5907929281306,44.6445970306412],[-63.5896267433136,44.644909044174]]},"properties":{"OBJECTID":49,"PPID":"PP659","TYPE":"P","ADDDATE":"Mon, 01 May 2023 13:04:37 GMT","MODDATE":"Mon, 13 May 2024 15:41:50 GMT","SDATE":"Mon, 01 May 2023 00:00:00 GMT","SOURCE":"Parking Enforcement","SACC":"IN","COMMUTER":"Y","GLOBALID":"d0c7bce6-54d1-4440-82a5-42e890a00fdb"}},{"type":"Feature","id":50,"geometry":{"type":"LineString","coordinates":[[-63.5833997331552,44.6303265903839],[-63.58275695623,44.6288557420568]]},"properties":{"OBJECTID":50,"PPID":"PP597","TYPE":"P","ADDDATE":"Wed, 09 Nov 2022 12:23:29 GMT","MODDATE":"Mon, 13 May 2024 15:41:50 GMT","SDATE":"Wed, 09 Nov 2022 00:00:00 GMT","SOURCE":"Parking Enforcement","SACC":"PH","COMMUTER":"Y","GLOBALID":"3b53ca5e-b380-4b05-b714-10e6d2da4a98"}},{"type":"Feature","id":51,"geometry":{"type":"LineString","coordinates":[[-63.5906213849456,44.6428648445162],[-63.590219087022,44.6420868982283]]},"properties":{"OBJECTID":51,"PPID":"PP649","TYPE":"P","ADDDATE":"Thu, 23 Mar 2023 12:36:53 GMT","MODDATE":"Mon, 13 May 2024 15:41:50 GMT","SDATE":"Thu, 23 Mar 2023 00:00:00 GMT","SOURCE":"Parking Enforcement","SACC":"IN","COMMUTER":"Y","GLOBALID":"e516979a-9292-4826-80de-3aa6be9708f9"}},{"type":"Feature","id":52,"geometry":{"type":"LineString","coordinates":[[-63.6051875681759,44.6534998548893],[-63.6069319284727,44.652238635391]]},"properties":{"OBJECTID":52,"PPID":"PP302","TYPE":"P","ADDDATE":"Fri, 08 Feb 2019 21:35:52 GMT","MODDATE":"Mon, 13 May 2024 15:19:32 GMT","SDATE":"Thu, 25 Oct 2018 00:00:00 GMT","SOURCE":"Parking Enforcement","SACC":"DG","COMMUTER":"N","GLOBALID":"447bac3c-7491-4fa3-bde3-69cb20fa2013"}},{"type":"Feature","id":53,"geometry":{"type":"LineString","coordinates":[[-63.5841187995058,44.6521807663222],[-63.5846115362189,44.6518733988334]]},"properties":{"OBJECTID":53,"PPID":"PP140","TYPE":"P","ADDDATE":"Fri, 08 Feb 2019 21:35:52 GMT","MODDATE":"Mon, 13 May 2024 15:41:50 GMT","SDATE":"Thu, 25 Oct 2018 00:00:00 GMT","SOURCE":"Parking Enforcement","SACC":"DG","COMMUTER":"Y","GLOBALID":"b4c19ee5-e87f-4734-9349-fda680153c5d"}},{"type":"Feature","id":54,"geometry":{"type":"LineString","coordinates":[[-63.5941188991475,44.6573890713792],[-63.5936115621161,44.6577538310201]]},"properties":{"OBJECTID":54,"PPID":"PP588","TYPE":"P","ADDDATE":"Tue, 04 Oct 2022 17:50:50 GMT","MODDATE":"Mon, 13 May 2024 15:41:50 GMT","SDATE":"Tue, 04 Oct 2022 00:00:00 GMT","SOURCE":"Parking Enforcement","SACC":"PH","COMMUTER":"Y","GLOBALID":"031e949d-875a-432e-84e7-d30c12db83c3"}},{"type":"Feature","id":55,"geometry":{"type":"LineString","coordinates":[[-63.5917160584761,44.6496274805465],[-63.5939470128061,44.649044538142]]},"properties":{"OBJECTID":55,"PPID":"PP260","TYPE":"P","ADDDATE":"Fri, 08 Feb 2019 21:35:52 GMT","MODDATE":"Mon, 13 May 2024 15:41:50 GMT","SDATE":"Thu, 25 Oct 2018 00:00:00 GMT","SOURCE":"Parking Enforcement","SACC":"DG","COMMUTER":"Y","GLOBALID":"20e7ea5e-cbdf-416c-81f3-482f8653a24f"}},{"type":"Feature","id":56,"geometry":{"type":"LineString","coordinates":[[-63.5753210319898,44.6364422008664],[-63.5757820590717,44.6373855521103]]},"properties":{"OBJECTID":56,"PPID":"PP624","TYPE":"P","ADDDATE":"Fri, 10 Feb 2023 19:23:58 GMT","MODDATE":"Mon, 13 May 2024 15:41:50 GMT","SDATE":"Fri, 10 Feb 2023 00:00:00 GMT","SOURCE":"Parking Enforcement","SACC":"PH","COMMUTER":"Y","GLOBALID":"2b07ea2b-9ce6-49a9-b76e-3fcb5aa24b86"}},{"type":"Feature","id":57,"geometry":{"type":"LineString","coordinates":[[-63.5870972815096,44.6350062022012],[-63.5867189542311,44.6341729438689]]},"properties":{"OBJECTID":57,"PPID":"PP538","TYPE":"P","ADDDATE":"Thu, 21 Oct 2021 12:16:46 GMT","MODDATE":"Mon, 13 May 2024 15:41:50 GMT","SDATE":"Thu, 21 Oct 2021 09:16:56 GMT","SOURCE":"Parking Enforcement","SACC":"IN","COMMUTER":"Y","GLOBALID":"44bf7232-e6d9-4375-baf0-06eeb36b52ac"}},{"type":"Feature","id":58,"geometry":{"type":"LineString","coordinates":[[-63.5881481945094,44.6409131283921],[-63.587529017225,44.6410897048649]]},"properties":{"OBJECTID":58,"PPID":"PP747","TYPE":"P","ADDDATE":"Mon, 11 Dec 2023 18:31:39 GMT","MODDATE":"Mon, 13 May 2024 15:41:50 GMT","SDATE":"Mon, 11 Dec 2023 00:00:00 GMT","SOURCE":"Parking Enforcement","SACC":"IN","COMMUTER":"Y","GLOBALID":"6a708b24-ed51-4e7d-b675-0b5e0a3a5e9e"}},{"type":"Feature","id":59,"geometry":{"type":"LineString","coordinates":[[-63.5949404497974,44.6630631269839],[-63.5953737225303,44.663404764001]]},"properties":{"OBJECTID":59,"PPID":"PP693","TYPE":"P","ADDDATE":"Tue, 08 Aug 2023 10:58:20 GMT","MODDATE":"Mon, 13 May 2024 15:41:50 GMT","SDATE":"Fri, 04 Aug 2023 00:00:00 GMT","SOURCE":"Parking Enforcement","SACC":"IN","COMMUTER":"Y","GLOBALID":"60fcd6c6-d585-4bfd-9e7f-e3158b02e323"}},{"type":"Feature","id":60,"geometry":{"type":"LineString","coordinates":[[-63.5775755042139,44.6301670368226],[-63.5779294089948,44.6314272735523]]},"properties":{"OBJECTID":60,"PPID":"PP590","TYPE":"P","ADDDATE":"Tue, 04 Oct 2022 17:54:02 GMT","MODDATE":"Mon, 13 May 2024 15:41:50 GMT","SDATE":"Tue, 04 Oct 2022 00:00:00 GMT","SOURCE":"Parking Enforcement","SACC":"PH","COMMUTER":"Y","GLOBALID":"fe890f49-044f-4b59-ab3a-87ad98a31387"}},{"type":"Feature","id":61,"geometry":{"type":"LineString","coordinates":[[-63.59468259109,44.6429583133628],[-63.5954332323246,44.6427677099773]]},"properties":{"OBJECTID":61,"PPID":"PP471","TYPE":"P","ADDDATE":"Wed, 10 Mar 2021 13:02:52 GMT","MODDATE":"Mon, 13 May 2024 15:41:50 GMT","SDATE":"Wed, 10 Mar 2021 00:00:00 GMT","SOURCE":"Parking Services","SACC":"DG","COMMUTER":"Y","GLOBALID":"0c25c21a-679f-4d7a-90ec-e17a134b342c"}},{"type":"Feature","id":62,"geometry":{"type":"LineString","coordinates":[[-63.598311611463,44.6383819621961],[-63.5987105344161,44.63914604102]]},"properties":{"OBJECTID":62,"PPID":"PP501","TYPE":"P","ADDDATE":"Tue, 22 Jun 2021 13:12:01 GMT","MODDATE":"Mon, 16 Dec 2024 12:31:55 GMT","SDATE":"Thu, 25 Oct 2018 00:00:00 GMT","SOURCE":"Parking Enforcement","SACC":"PH","COMMUTER":"Y","GLOBALID":"6b69c82c-0121-48f8-ac0e-55b79f901024"}},{"type":"Feature","id":63,"geometry":{"type":"LineString","coordinates":[[-63.5918329544474,44.6435640295627],[-63.5915261483368,44.6429572645164]]},"properties":{"OBJECTID":63,"PPID":"PP600","TYPE":"P","ADDDATE":"Thu, 17 Nov 2022 16:47:54 GMT","MODDATE":"Mon, 13 May 2024 15:11:27 GMT","SDATE":"Thu, 17 Nov 2022 00:00:00 GMT","SOURCE":"Parking Enforcement","SACC":"PH","COMMUTER":"N","GLOBALID":"264bd84d-9fba-4853-90d5-3944d4485786"}},{"type":"Feature","id":64,"geometry":{"type":"LineString","coordinates":[[-63.586728530272,44.633064520836],[-63.5857478313915,44.6333375998231],[-63.5850395942316,44.6335694366937],[-63.5847450635994,44.6336488013284],[-63.5838618678598,44.6338613520349]]},"properties":{"OBJECTID":64,"PPID":"PP630","TYPE":"P","ADDDATE":"Thu, 16 Feb 2023 11:40:49 GMT","MODDATE":"Mon, 13 May 2024 15:41:50 GMT","SDATE":"Thu, 16 Feb 2023 00:00:00 GMT","SOURCE":"Parking Enforcement","SACC":"IN","COMMUTER":"Y","GLOBALID":"6887c91f-422a-4573-9ac6-5ec0098529a9"}},{"type":"Feature","id":65,"geometry":{"type":"LineString","coordinates":[[-63.5734448142806,44.630018529173],[-63.5739741681214,44.6309883335206]]},"properties":{"OBJECTID":65,"PPID":"PP712","TYPE":"P","ADDDATE":"Mon, 11 Sep 2023 11:44:21 GMT","MODDATE":"Mon, 13 May 2024 15:41:50 GMT","SDATE":"Fri, 08 Sep 2023 00:00:00 GMT","SOURCE":"Parking Enforcement","SACC":"IN","COMMUTER":"Y","GLOBALID":"b1d77ebb-2d89-4c40-8979-ec5a8ca1bbf4"}},{"type":"Feature","id":66,"geometry":{"type":"LineString","coordinates":[[-63.574935318763,44.6354577609971],[-63.575704267663,44.6352581817551]]},"properties":{"OBJECTID":66,"PPID":"PP631","TYPE":"P","ADDDATE":"Fri, 03 Mar 2023 15:45:48 GMT","MODDATE":"Mon, 13 May 2024 15:41:50 GMT","SDATE":"Fri, 03 Mar 2023 00:00:00 GMT","SOURCE":"Parking Enforcement","SACC":"IN","COMMUTER":"Y","GLOBALID":"7372608d-7b8a-4cbb-bc5c-cc9eeaf031cd"}},{"type":"Feature","id":67,"geometry":{"type":"LineString","coordinates":[[-63.5919170610125,44.6442350854521],[-63.5914469214204,44.6443625259777]]},"properties":{"OBJECTID":67,"PPID":"PP347","TYPE":"P","ADDDATE":"Mon, 02 Nov 2020 17:53:24 GMT","MODDATE":"Mon, 13 May 2024 15:41:50 GMT","SDATE":"Mon, 02 Nov 2020 00:00:00 GMT","SOURCE":"Parking Enforcement","SACC":"DG","COMMUTER":"Y","GLOBALID":"ffda9cba-7771-4e8f-8faa-49b104ceca3f"}},{"type":"Feature","id":68,"geometry":{"type":"LineString","coordinates":[[-63.6005867907528,44.6540370555886],[-63.6018760663233,44.6548957108381]]},"properties":{"OBJECTID":68,"PPID":"PP332","TYPE":"P","ADDDATE":"Fri, 15 May 2020 12:10:55 GMT","MODDATE":"Mon, 13 May 2024 15:41:50 GMT","SDATE":"Fri, 15 May 2020 00:00:00 GMT","SOURCE":"Parking Services","SACC":"DG","COMMUTER":"Y","GLOBALID":"35801914-d95b-4e6e-add2-0a3b18047fc5"}},{"type":"Feature","id":69,"geometry":{"type":"LineString","coordinates":[[-63.5960605860746,44.6563581965904],[-63.5956429009085,44.6560568751561]]},"properties":{"OBJECTID":69,"PPID":"PP553","TYPE":"P","ADDDATE":"Tue, 23 Nov 2021 17:00:11 GMT","MODDATE":"Mon, 13 May 2024 15:41:50 GMT","SDATE":"Tue, 23 Nov 2021 13:00:33 GMT","SOURCE":"Parking Enforcement","SACC":"PH","COMMUTER":"Y","GLOBALID":"8d6f9e50-df0e-4c81-ab0f-6c88f180d359"}},{"type":"Feature","id":70,"geometry":{"type":"LineString","coordinates":[[-63.6005757603394,44.6363217424447],[-63.6001643606854,44.636476466382]]},"properties":{"OBJECTID":70,"PPID":"PP796","TYPE":"P","ADDDATE":"Fri, 17 Oct 2025 11:25:04 GMT","MODDATE":"Fri, 17 Oct 2025 11:29:17 GMT","SDATE":"Thu, 16 Oct 2025 00:00:00 GMT","SOURCE":"Parking Enforcement","SACC":"IN","COMMUTER":"Y","GLOBALID":"c979afb6-5b69-4b33-8cd1-802074ba7842"}},{"type":"Feature","id":71,"geometry":{"type":"LineString","coordinates":[[-63.5853370039643,44.6322137704326],[-63.5857650736551,44.6332093820341]]},"properties":{"OBJECTID":71,"PPID":"PP618","TYPE":"P","ADDDATE":"Mon, 06 Feb 2023 12:43:54 GMT","MODDATE":"Mon, 13 May 2024 15:41:50 GMT","SDATE":"Mon, 06 Feb 2023 00:00:00 GMT","SOURCE":"Parking Enforcement","SACC":"PH","COMMUTER":"Y","GLOBALID":"e8be7f5c-3219-48ad-9978-622d30fff4e6"}},{"type":"Feature","id":72,"geometry":{"type":"LineString","coordinates":[[-63.5758619687078,44.6373988342985],[-63.5766988796507,44.6372287218303]]},"properties":{"OBJECTID":72,"PPID":"PP312","TYPE":"P","ADDDATE":"Mon, 09 Sep 2019 18:42:18 GMT","MODDATE":"Mon, 13 May 2024 15:41:50 GMT","SDATE":"Mon, 09 Sep 2019 00:00:00 GMT","SOURCE":"Parking Enforcement","SACC":"DG","COMMUTER":"Y","GLOBALID":"e8a403c2-d42a-4e2b-964b-56e3cc726561"}},{"type":"Feature","id":73,"geometry":{"type":"LineString","coordinates":[[-63.5870256597303,44.6301285412214],[-63.585703427667,44.6295765635569]]},"properties":{"OBJECTID":73,"PPID":"PP728","TYPE":"P","ADDDATE":"Thu, 05 Oct 2023 11:26:25 GMT","MODDATE":"Mon, 13 May 2024 15:41:50 GMT","SDATE":"Wed, 04 Oct 2023 00:00:00 GMT","SOURCE":"Parking Enforcement","SACC":"IN","COMMUTER":"Y","GLOBALID":"40290638-622f-42d2-bbc3-a88ee9bd5a22"}},{"type":"Feature","id":74,"geometry":{"type":"LineString","coordinates":[[-63.5918670643771,44.6437135974004],[-63.591533488471,44.6438044424822]]},"properties":{"OBJECTID":74,"PPID":"PP697","TYPE":"P","ADDDATE":"Wed, 16 Aug 2023 10:58:19 GMT","MODDATE":"Mon, 13 May 2024 15:41:50 GMT","SDATE":"Tue, 15 Aug 2023 00:00:00 GMT","SOURCE":"Parking Enforcement","SACC":"IN","COMMUTER":"Y","GLOBALID":"ca8ca47f-cbd4-4963-ab82-9d58132e1341"}},{"type":"Feature","id":75,"geometry":{"type":"LineString","coordinates":[[-63.5726029994346,44.638878246751],[-63.5722941029444,44.6389524726686]]},"properties":{"OBJECTID":75,"PPID":"PP612","TYPE":"P","ADDDATE":"Mon, 06 Feb 2023 12:40:23 GMT","MODDATE":"Wed, 15 May 2024 17:08:47 GMT","SDATE":"Mon, 06 Feb 2023 00:00:00 GMT","SOURCE":"Parking Enforcement","SACC":"PH","COMMUTER":"Y","GLOBALID":"0f186687-d378-4206-a1be-a26fafdb79e3"}},{"type":"Feature","id":76,"geometry":{"type":"LineString","coordinates":[[-63.5908310984453,44.6445309008183],[-63.5895726296992,44.6448720130111]]},"properties":{"OBJECTID":76,"PPID":"PP348","TYPE":"P","ADDDATE":"Mon, 02 Nov 2020 17:54:30 GMT","MODDATE":"Mon, 13 May 2024 15:41:50 GMT","SDATE":"Mon, 02 Nov 2020 00:00:00 GMT","SOURCE":"Parking Enforcement","SACC":"DG","COMMUTER":"Y","GLOBALID":"cd798c4d-bee2-4df2-b6ea-c44e6b8fe0cd"}},{"type":"Feature","id":77,"geometry":{"type":"LineString","coordinates":[[-63.5745156599982,44.6348275782656],[-63.5748078684854,44.6354308914537]]},"properties":{"OBJECTID":77,"PPID":"PP708","TYPE":"P","ADDDATE":"Fri, 01 Sep 2023 13:10:04 GMT","MODDATE":"Mon, 13 May 2024 15:41:50 GMT","SDATE":"Fri, 01 Sep 2023 00:00:00 GMT","SOURCE":"Parking Enforcement","SACC":"IN","COMMUTER":"Y","GLOBALID":"66ea07ef-b154-468f-9283-f953989a91bf"}},{"type":"Feature","id":78,"geometry":{"type":"LineString","coordinates":[[-63.5726777311814,44.6402422660996],[-63.5720029356046,44.6404189884294]]},"properties":{"OBJECTID":78,"PPID":"PP766","TYPE":"P","ADDDATE":"Mon, 26 Feb 2024 12:35:45 GMT","MODDATE":"Mon, 13 May 2024 15:41:50 GMT","SDATE":"Mon, 19 Feb 2024 00:00:00 GMT","SOURCE":"Parking Enforcement","SACC":"IN","COMMUTER":"Y","GLOBALID":"ff22c45a-b59b-4bfb-962d-18df0da6e89e"}},{"type":"Feature","id":79,"geometry":{"type":"LineString","coordinates":[[-63.5851841663985,44.6512113992338],[-63.5845177458151,44.6507615038272]]},"properties":{"OBJECTID":79,"PPID":"PP558","TYPE":"P","ADDDATE":"Wed, 01 Dec 2021 19:45:27 GMT","MODDATE":"Mon, 13 May 2024 15:41:50 GMT","SDATE":"Wed, 01 Dec 2021 15:47:44 GMT","SOURCE":"Parking Enforcement","SACC":"PH","COMMUTER":"Y","GLOBALID":"05e2868c-db1f-4283-9b46-ab4c5a6e36f4"}},{"type":"Feature","id":80,"geometry":{"type":"LineString","coordinates":[[-63.588982429371,44.6421178974986],[-63.5886911156058,44.6421984431128]]},"properties":{"OBJECTID":80,"PPID":"PP636","TYPE":"P","ADDDATE":"Wed, 08 Mar 2023 13:10:47 GMT","MODDATE":"Mon, 13 May 2024 15:41:50 GMT","SDATE":"Wed, 08 Mar 2023 00:00:00 GMT","SOURCE":"Parking Enforcement","SACC":"IN","COMMUTER":"Y","GLOBALID":"2f8e3459-ec5c-47ba-99b7-2e742d96ed56"}},{"type":"Feature","id":81,"geometry":{"type":"LineString","coordinates":[[-63.5841536837832,44.6505110480365],[-63.5835235084249,44.650082487103]]},"properties":{"OBJECTID":81,"PPID":"PP557","TYPE":"P","ADDDATE":"Wed, 01 Dec 2021 19:44:31 GMT","MODDATE":"Mon, 13 May 2024 15:41:50 GMT","SDATE":"Wed, 01 Dec 2021 15:47:44 GMT","SOURCE":"Parking Enforcement","SACC":"PH","COMMUTER":"Y","GLOBALID":"7d01a793-985f-42fd-a42b-d6c4b8b6644b"}},{"type":"Feature","id":82,"geometry":{"type":"LineString","coordinates":[[-63.5963012420443,44.6565605180498],[-63.5969146844838,44.6561265766606]]},"properties":{"OBJECTID":82,"PPID":"PP203","TYPE":"P","ADDDATE":"Fri, 08 Feb 2019 21:35:52 GMT","MODDATE":"Mon, 13 May 2024 15:06:05 GMT","SDATE":"Thu, 25 Oct 2018 00:00:00 GMT","SOURCE":"Parking Enforcement","SACC":"DG","COMMUTER":"N","GLOBALID":"c07f23a5-ad04-45f7-90b4-5988227f9b1c"}},{"type":"Feature","id":83,"geometry":{"type":"LineString","coordinates":[[-63.5845544428927,44.6336488991342],[-63.5839492721403,44.6337921965424]]},"properties":{"OBJECTID":83,"PPID":"PP787","TYPE":"P","ADDDATE":"Mon, 16 Dec 2024 12:26:18 GMT","MODDATE":"Mon, 16 Dec 2024 12:27:29 GMT","SDATE":"Mon, 16 Dec 2024 00:00:00 GMT","SOURCE":"Parking Enforcement","SACC":"IN","COMMUTER":"Y","GLOBALID":"1ebbcbc0-f912-443a-a6ef-7633a01251d8"}},{"type":"Feature","id":84,"geometry":{"type":"LineString","coordinates":[[-63.6028826708199,44.6621832514807],[-63.6024839796322,44.6624894059343]]},"properties":{"OBJECTID":84,"PPID":"PP719","TYPE":"P","ADDDATE":"Wed, 20 Sep 2023 18:05:48 GMT","MODDATE":"Mon, 13 May 2024 15:41:50 GMT","SDATE":"Wed, 20 Sep 2023 00:00:00 GMT","SOURCE":"Parking Enforcement","SACC":"IN","COMMUTER":"Y","GLOBALID":"b6624e93-f1e6-4ee4-ac8d-c8f909cb1a82"}},{"type":"Feature","id":85,"geometry":{"type":"LineString","coordinates":[[-63.5841730182231,44.6323835204347],[-63.5833667038988,44.632577348506]]},"properties":{"OBJECTID":85,"PPID":"PP724","TYPE":"P","ADDDATE":"Wed, 04 Oct 2023 10:59:45 GMT","MODDATE":"Mon, 13 May 2024 15:41:50 GMT","SDATE":"Tue, 03 Oct 2023 00:00:00 GMT","SOURCE":"Parking Enforcement","SACC":"IN","COMMUTER":"Y","GLOBALID":"688ae526-beaa-4a29-998e-1eccfa2bb8ad"}},{"type":"Feature","id":86,"geometry":{"type":"LineString","coordinates":[[-63.5954275953962,44.6627533240599],[-63.5958581040129,44.6624699528988]]},"properties":{"OBJECTID":86,"PPID":"PP677","TYPE":"P","ADDDATE":"Wed, 14 Jun 2023 10:58:41 GMT","MODDATE":"Mon, 13 May 2024 15:41:50 GMT","SDATE":"Wed, 14 Jun 2023 00:00:00 GMT","SOURCE":"Parking Enforcement","SACC":"IN","COMMUTER":"Y","GLOBALID":"4f450230-b552-40ac-88eb-7bc8679b0515"}},{"type":"Feature","id":87,"geometry":{"type":"LineString","coordinates":[[-63.5834732351083,44.654148980721],[-63.5826288268261,44.6535642420662]]},"properties":{"OBJECTID":87,"PPID":"PP562","TYPE":"P","ADDDATE":"Thu, 09 Dec 2021 15:19:22 GMT","MODDATE":"Mon, 13 May 2024 15:41:50 GMT","SDATE":"Thu, 09 Dec 2021 11:19:49 GMT","SOURCE":"Parking Enforcement","SACC":"PH","COMMUTER":"Y","GLOBALID":"83cddf06-2248-452d-b28b-45429928ed3c"}},{"type":"Feature","id":88,"geometry":{"type":"LineString","coordinates":[[-63.5888711317006,44.6310132463599],[-63.5886409060697,44.6312976559962],[-63.588566368359,44.6313497041704],[-63.5884431221969,44.6314227500224],[-63.5880179926921,44.6316480247097]]},"properties":{"OBJECTID":88,"PPID":"PP662","TYPE":"P","ADDDATE":"Mon, 01 May 2023 13:10:04 GMT","MODDATE":"Mon, 13 May 2024 15:41:50 GMT","SDATE":"Mon, 01 May 2023 00:00:00 GMT","SOURCE":"Parking Enforcement","SACC":"IN","COMMUTER":"Y","GLOBALID":"400d90d5-c8bc-40a6-8be6-21e22c809208"}},{"type":"Feature","id":89,"geometry":{"type":"LineString","coordinates":[[-63.5921383115754,44.6517158708861],[-63.591767478043,44.6519815807445]]},"properties":{"OBJECTID":89,"PPID":"PP669","TYPE":"P","ADDDATE":"Tue, 02 May 2023 10:54:56 GMT","MODDATE":"Mon, 13 May 2024 15:41:50 GMT","SDATE":"Tue, 02 May 2023 00:00:00 GMT","SOURCE":"Parking Enforcement","SACC":"DG","COMMUTER":"Y","GLOBALID":"51b5d17d-d489-4a27-88a3-221bfe7336e0"}},{"type":"Feature","id":90,"geometry":{"type":"LineString","coordinates":[[-63.5733650474767,44.6401505972872],[-63.5735959100131,44.6406207844826]]},"properties":{"OBJECTID":90,"PPID":"PP754","TYPE":"P","ADDDATE":"Fri, 05 Jan 2024 12:12:49 GMT","MODDATE":"Mon, 13 May 2024 15:41:50 GMT","SDATE":"Thu, 04 Jan 2024 00:00:00 GMT","SOURCE":"Parking Enforcement","SACC":"IN","COMMUTER":"Y","GLOBALID":"d71b2e08-93cc-4ebc-ae81-8347f9a99259"}},{"type":"Feature","id":91,"geometry":{"type":"LineString","coordinates":[[-63.59477383477,44.6586504670446],[-63.594048567349,44.6581439949932]]},"properties":{"OBJECTID":91,"PPID":"PP627","TYPE":"P","ADDDATE":"Tue, 14 Feb 2023 18:55:43 GMT","MODDATE":"Mon, 13 May 2024 15:41:50 GMT","SDATE":"Tue, 14 Feb 2023 00:00:00 GMT","SOURCE":"Parking Enforcement","SACC":"IN","COMMUTER":"Y","GLOBALID":"a6175b8f-a2fe-4e98-9de2-ed331db790c5"}},{"type":"Feature","id":92,"geometry":{"type":"LineString","coordinates":[[-63.5835361576024,44.6304247066019],[-63.5842962140795,44.6302527293353]]},"properties":{"OBJECTID":92,"PPID":"PP607","TYPE":"P","ADDDATE":"Thu, 08 Dec 2022 19:12:26 GMT","MODDATE":"Mon, 13 May 2024 15:41:50 GMT","SDATE":"Thu, 08 Dec 2022 00:00:00 GMT","SOURCE":"Parking Enforcement","SACC":"PH","COMMUTER":"Y","GLOBALID":"250dc1f8-7300-46c2-bcc4-b25c5c6b1809"}},{"type":"Feature","id":93,"geometry":{"type":"LineString","coordinates":[[-63.6073554284336,44.6549237273525],[-63.6080753481838,44.6543985325573]]},"properties":{"OBJECTID":93,"PPID":"PP492","TYPE":"P","ADDDATE":"Wed, 28 Apr 2021 16:10:09 GMT","MODDATE":"Mon, 13 May 2024 15:19:32 GMT","SDATE":"Wed, 28 Apr 2021 13:10:43 GMT","SOURCE":"Parking Enforcement","SACC":"PH","COMMUTER":"N","GLOBALID":"bd9d7830-129d-445d-89a0-a93f8fcfa9af"}},{"type":"Feature","id":94,"geometry":{"type":"LineString","coordinates":[[-63.5965025050921,44.6548756456301],[-63.5968440751058,44.6551095390664]]},"properties":{"OBJECTID":94,"PPID":"PP337","TYPE":"P","ADDDATE":"Fri, 15 May 2020 12:16:13 GMT","MODDATE":"Mon, 13 May 2024 15:29:49 GMT","SDATE":"Fri, 15 May 2020 00:00:00 GMT","SOURCE":"Parking Services","SACC":"DG","COMMUTER":"N","GLOBALID":"b96e89bb-df8d-42ca-9dac-7e2cc26d242c"}},{"type":"Feature","id":95,"geometry":{"type":"LineString","coordinates":[[-63.5957581053521,44.6387142135537],[-63.5951424350907,44.6388642899105]]},"properties":{"OBJECTID":95,"PPID":"PP672","TYPE":"P","ADDDATE":"Fri, 09 Jun 2023 11:38:14 GMT","MODDATE":"Mon, 13 May 2024 15:41:50 GMT","SDATE":"Fri, 09 Jun 2023 00:00:00 GMT","SOURCE":"Parking Enforcement","SACC":"IN","COMMUTER":"Y","GLOBALID":"13f606e4-64cd-4912-8f49-f8be649def82"}},{"type":"Feature","id":96,"geometry":{"type":"LineString","coordinates":[[-63.5879921589411,44.6540370651741],[-63.5879881856926,44.6540343429117],[-63.5861893290991,44.6528020542657],[-63.5858044135763,44.6525398935894],[-63.5855557536174,44.6523662379053],[-63.5847759503738,44.6518401904578],[-63.5836454592163,44.6510667197374]]},"properties":{"OBJECTID":96,"PPID":"PP144","TYPE":"P","ADDDATE":"Fri, 08 Feb 2019 21:35:52 GMT","MODDATE":"Tue, 20 Aug 2024 11:31:51 GMT","SDATE":"Thu, 25 Oct 2018 00:00:00 GMT","SOURCE":"Parking Enforcement","SACC":null,"COMMUTER":"N","GLOBALID":"1478ecba-d817-4a57-ae52-7f8819d34b17"}},{"type":"Feature","id":97,"geometry":{"type":"LineString","coordinates":[[-63.589905353104,44.6346674329943],[-63.5901153450815,44.6351454556418]]},"properties":{"OBJECTID":97,"PPID":"PP748","TYPE":"P","ADDDATE":"Thu, 21 Dec 2023 13:41:48 GMT","MODDATE":"Mon, 13 May 2024 15:41:50 GMT","SDATE":"Thu, 21 Dec 2023 00:00:00 GMT","SOURCE":"Parking Enforcement","SACC":"IN","COMMUTER":"Y","GLOBALID":"4475efc1-b8f7-423a-98f0-325fef6e455b"}},{"type":"Feature","id":98,"geometry":{"type":"LineString","coordinates":[[-63.5844925049522,44.630255895103],[-63.5852593508962,44.6320315055632]]},"properties":{"OBJECTID":98,"PPID":"PP617","TYPE":"P","ADDDATE":"Mon, 06 Feb 2023 12:43:54 GMT","MODDATE":"Mon, 13 May 2024 15:41:50 GMT","SDATE":"Mon, 06 Feb 2023 00:00:00 GMT","SOURCE":"Parking Enforcement","SACC":"PH","COMMUTER":"Y","GLOBALID":"c1b01702-8f74-469c-b1fa-6390db8ab982"}},{"type":"Feature","id":99,"geometry":{"type":"LineString","coordinates":[[-63.5991410313547,44.6380591014115],[-63.5982451487084,44.6383214246974]]},"properties":{"OBJECTID":99,"PPID":"PP771","TYPE":"P","ADDDATE":"Mon, 22 Jul 2024 15:39:35 GMT","MODDATE":"Mon, 22 Jul 2024 15:41:33 GMT","SDATE":null,"SOURCE":"Parking Enforcement","SACC":null,"COMMUTER":"Y","GLOBALID":"15c6ff9d-25f8-4100-bb32-681efd1cdf62"}},{"type":"Feature","id":100,"geometry":{"type":"LineString","coordinates":[[-63.5846220662707,44.6538551468332],[-63.5836101006284,44.6531484678502]]},"properties":{"OBJECTID":100,"PPID":"PP704","TYPE":"P","ADDDATE":"Thu, 24 Aug 2023 11:06:00 GMT","MODDATE":"Mon, 13 May 2024 15:41:50 GMT","SDATE":"Wed, 23 Aug 2023 00:00:00 GMT","SOURCE":"Parking Enforcement","SACC":"IN","COMMUTER":"Y","GLOBALID":"4c5f679e-1640-4ee7-96d7-9d5955a06431"}},{"type":"Feature","id":101,"geometry":{"type":"LineString","coordinates":[[-63.5889459658553,44.642047258127],[-63.5887524615566,44.6420967873169]]},"properties":{"OBJECTID":101,"PPID":"PP635","TYPE":"P","ADDDATE":"Wed, 08 Mar 2023 13:10:47 GMT","MODDATE":"Mon, 13 May 2024 15:41:50 GMT","SDATE":"Wed, 08 Mar 2023 00:00:00 GMT","SOURCE":"Parking Enforcement","SACC":"IN","COMMUTER":"Y","GLOBALID":"0a8c8870-5d55-4fb0-aa77-064bdd637b82"}},{"type":"Feature","id":102,"geometry":{"type":"LineString","coordinates":[[-63.5904445560735,44.6430470638552],[-63.5902778799608,44.6430931280025]]},"properties":{"OBJECTID":102,"PPID":"PP673","TYPE":"P","ADDDATE":"Fri, 09 Jun 2023 15:00:17 GMT","MODDATE":"Mon, 13 May 2024 15:11:27 GMT","SDATE":"Fri, 09 Jun 2023 00:00:00 GMT","SOURCE":"Parking Enforcement","SACC":"IN","COMMUTER":"N","GLOBALID":"0640fc8d-75fe-455b-82f7-aa4dddd676de"}},{"type":"Feature","id":103,"geometry":{"type":"LineString","coordinates":[[-63.5903679773905,44.6320534453451],[-63.5870293329415,44.6333367112562]]},"properties":{"OBJECTID":103,"PPID":"PP622","TYPE":"P","ADDDATE":"Fri, 10 Feb 2023 19:23:58 GMT","MODDATE":"Mon, 13 May 2024 15:41:50 GMT","SDATE":"Fri, 10 Feb 2023 00:00:00 GMT","SOURCE":"Parking Enforcement","SACC":"PH","COMMUTER":"Y","GLOBALID":"731243ca-339a-49e7-a64b-793424b44fd1"}},{"type":"Feature","id":104,"geometry":{"type":"LineString","coordinates":[[-63.5854896744435,44.6352963249313],[-63.5848428425231,44.635444539731]]},"properties":{"OBJECTID":104,"PPID":"PP535","TYPE":"P","ADDDATE":"Fri, 01 Oct 2021 18:19:13 GMT","MODDATE":"Mon, 13 May 2024 15:41:50 GMT","SDATE":"Fri, 01 Oct 2021 15:19:53 GMT","SOURCE":"Parking Enforcement","SACC":"PH","COMMUTER":"Y","GLOBALID":"7a233718-08a7-40aa-98dd-a97824b0398c"}},{"type":"Feature","id":105,"geometry":{"type":"LineString","coordinates":[[-63.5974213145411,44.6651318241325],[-63.5970285719972,44.6648172513009]]},"properties":{"OBJECTID":105,"PPID":"PP780","TYPE":"P","ADDDATE":"Tue, 20 Aug 2024 11:27:39 GMT","MODDATE":"Tue, 20 Aug 2024 11:27:39 GMT","SDATE":"Tue, 20 Aug 2024 00:00:00 GMT","SOURCE":"Parking Enforcement","SACC":"SI","COMMUTER":"Y","GLOBALID":"9ef762a7-a22f-4fcc-b898-78416c95fe4f"}},{"type":"Feature","id":106,"geometry":{"type":"LineString","coordinates":[[-63.5956539663562,44.640843862417],[-63.5954953130972,44.6405307768514]]},"properties":{"OBJECTID":106,"PPID":"PP524","TYPE":"P","ADDDATE":"Fri, 13 Aug 2021 16:11:12 GMT","MODDATE":"Mon, 13 May 2024 15:41:50 GMT","SDATE":"Mon, 06 Feb 2023 00:00:00 GMT","SOURCE":"Parking Enforcement","SACC":"PH","COMMUTER":"Y","GLOBALID":"31dac3de-ee77-4243-80d5-ee1167076de4"}},{"type":"Feature","id":107,"geometry":{"type":"LineString","coordinates":[[-63.599331573908,44.6406004222321],[-63.6002999443095,44.6424013016472]]},"properties":{"OBJECTID":107,"PPID":"PP126","TYPE":"P","ADDDATE":"Fri, 08 Feb 2019 21:35:52 GMT","MODDATE":"Mon, 13 May 2024 15:22:59 GMT","SDATE":"Thu, 25 Oct 2018 00:00:00 GMT","SOURCE":"Parking Enforcement","SACC":"DG","COMMUTER":"N","GLOBALID":"a8ef1bb4-5656-4a55-a736-f794d3705d71"}},{"type":"Feature","id":108,"geometry":{"type":"LineString","coordinates":[[-63.5854967639477,44.6294564111729],[-63.5851461838316,44.6293086298691],[-63.585124265837,44.6292903324281],[-63.58509782213,44.6292572747854],[-63.585082692704,44.6292107163411],[-63.5850562229458,44.6291793579192],[-63.5850153630751,44.6291552459785],[-63.5849624055925,44.6291440613744],[-63.5849060542747,44.6291470079216],[-63.5848510207855,44.6291669535302],[-63.5848219513029,44.6292001333311],[-63.5848045967499,44.6292447323238],[-63.5848143883865,44.6292776563596],[-63.5848455087229,44.6293158482178],[-63.5848880520364,44.6293337435305],[-63.5849347024475,44.6293426125508],[-63.5849909827983,44.6293441954595],[-63.5850202328423,44.6293500936479],[-63.5850604674855,44.6293634403269],[-63.5851479328515,44.6293992520142]]},"properties":{"OBJECTID":108,"PPID":"PP644","TYPE":"P","ADDDATE":"Tue, 21 Mar 2023 15:33:27 GMT","MODDATE":"Mon, 13 May 2024 15:41:50 GMT","SDATE":"Tue, 21 Mar 2023 00:00:00 GMT","SOURCE":"Parking Enforcement","SACC":"IN","COMMUTER":"Y","GLOBALID":"7339d6c0-4f0c-42db-9d08-a8e7bb5755e7"}},{"type":"Feature","id":109,"geometry":{"type":"LineString","coordinates":[[-63.5891469603069,44.6406980576783],[-63.5887044079771,44.6408184073038]]},"properties":{"OBJECTID":109,"PPID":"PP571","TYPE":"P","ADDDATE":"Tue, 18 Jan 2022 19:15:47 GMT","MODDATE":"Mon, 13 May 2024 15:41:50 GMT","SDATE":"Tue, 18 Jan 2022 15:15:54 GMT","SOURCE":"Parking Enforcement","SACC":"PH","COMMUTER":"Y","GLOBALID":"a104113c-e838-4d83-8242-bcc170fe9dcc"}},{"type":"Feature","id":110,"geometry":{"type":"LineString","coordinates":[[-63.5775172475694,44.6396066568507],[-63.5767101023035,44.6397983029061]]},"properties":{"OBJECTID":110,"PPID":"PP265","TYPE":"P","ADDDATE":"Fri, 08 Feb 2019 21:35:52 GMT","MODDATE":"Mon, 13 May 2024 15:24:57 GMT","SDATE":"Thu, 25 Oct 2018 00:00:00 GMT","SOURCE":"Parking Enforcement","SACC":"DG","COMMUTER":"N","GLOBALID":"2e6bd3cd-f3f3-4d1a-a470-bf784d628d92"}},{"type":"Feature","id":111,"geometry":{"type":"LineString","coordinates":[[-63.5986770784599,44.6393214403677],[-63.5991814708139,44.6403323559934],[-63.5992281517676,44.6404281171797]]},"properties":{"OBJECTID":111,"PPID":"PP682","TYPE":"P","ADDDATE":"Tue, 27 Jun 2023 17:02:31 GMT","MODDATE":"Mon, 16 Dec 2024 12:30:29 GMT","SDATE":"Thu, 25 Oct 2018 00:00:00 GMT","SOURCE":"Parking Enforcement","SACC":"IN","COMMUTER":"Y","GLOBALID":"7ae1e367-47d1-4b1e-9dc6-3bd9b909d739"}},{"type":"Feature","id":112,"geometry":{"type":"LineString","coordinates":[[-63.5478474020064,44.6566121454661],[-63.5471906877196,44.6572578542693],[-63.5471667435457,44.6572753250773],[-63.5471415076956,44.657291850411],[-63.5471150538482,44.6573073820236],[-63.5470874592386,44.6573218745696],[-63.5470588044324,44.6573352857371],[-63.5470291730907,44.6573475763714],[-63.5469986517255,44.6573587105893],[-63.5469673294476,44.6573686558839],[-63.5469352977058,44.6573773832193],[-63.5469026500207,44.6573848671157],[-63.5468694817108,44.6573910857233],[-63.5468358896149,44.6573960208868],[-63.5468019718089,44.6573996581976],[-63.5467678273199,44.6574019870365],[-63.5467335558365,44.6574030006042],[-63.5466992574184,44.6574026959417],[-63.5466650322038,44.6574010739383],[-63.546630980117,44.6573981393297],[-63.546597200577,44.6573939006835],[-63.5465637922073,44.6573883703747],[-63.5465308525472,44.6573815645493],[-63.5464984777681,44.6573735030772],[-63.5464667623917,44.6573642094943],[-63.5464357990148,44.6573537109337],[-63.5464056780385,44.6573420380466],[-63.5463764874045,44.6573292249125],[-63.5463483123382,44.6573153089402],[-63.5463212351,44.6573003307581],[-63.5462953347449,44.657284334096],[-63.5462706868921,44.6572673656572],[-63.5462473635039,44.6572494749821],[-63.5462254326754,44.6572307143038],[-63.5458031804744,44.6568599045382]]},"properties":{"OBJECTID":112,"PPID":"PP574","TYPE":"P","ADDDATE":"Wed, 20 Apr 2022 18:28:07 GMT","MODDATE":"Mon, 13 May 2024 15:41:50 GMT","SDATE":"Wed, 20 Apr 2022 00:00:00 GMT","SOURCE":"Parking Enforcement","SACC":"PH","COMMUTER":"Y","GLOBALID":"83320e5f-302c-4056-b42f-0af70f7ddd55"}},{"type":"Feature","id":113,"geometry":{"type":"LineString","coordinates":[[-63.5903501045096,44.6456759258674],[-63.5901009414942,44.6457352477553]]},"properties":{"OBJECTID":113,"PPID":"PP542","TYPE":"P","ADDDATE":"Wed, 03 Nov 2021 16:24:08 GMT","MODDATE":"Mon, 13 May 2024 15:41:50 GMT","SDATE":"Wed, 03 Nov 2021 15:12:05 GMT","SOURCE":"Parking Enforcement","SACC":"PH","COMMUTER":"Y","GLOBALID":"4183c2fa-127d-49d6-a6af-50cba0cc3bc9"}},{"type":"Feature","id":114,"geometry":{"type":"LineString","coordinates":[[-63.5804451643042,44.6368228023232],[-63.5803250811103,44.6365779626318]]},"properties":{"OBJECTID":114,"PPID":"PP564","TYPE":"P","ADDDATE":"Thu, 09 Dec 2021 15:28:27 GMT","MODDATE":"Mon, 13 May 2024 15:41:50 GMT","SDATE":"Thu, 09 Dec 2021 11:28:40 GMT","SOURCE":"Parking Enforcement","SACC":"PH","COMMUTER":"Y","GLOBALID":"24272f56-bff1-4c9e-97cd-1fe5bccbfab4"}},{"type":"Feature","id":115,"geometry":{"type":"LineString","coordinates":[[-63.6034318720386,44.6711201772333],[-63.6042391852895,44.6713598377299]]},"properties":{"OBJECTID":115,"PPID":"PP591","TYPE":"P","ADDDATE":"Tue, 25 Oct 2022 14:50:42 GMT","MODDATE":"Mon, 13 May 2024 15:41:50 GMT","SDATE":"Tue, 25 Oct 2022 00:00:00 GMT","SOURCE":"Parking Enforcement","SACC":"PH","COMMUTER":"Y","GLOBALID":"365d064a-76ee-4b1d-98fc-5e9982b1f991"}},{"type":"Feature","id":116,"geometry":{"type":"LineString","coordinates":[[-63.6000206140702,44.6585347020292],[-63.5990990719461,44.659197430166]]},"properties":{"OBJECTID":116,"PPID":"PP793","TYPE":"P","ADDDATE":"Fri, 15 Aug 2025 12:41:20 GMT","MODDATE":"Fri, 15 Aug 2025 12:42:04 GMT","SDATE":"Fri, 15 Aug 2025 00:00:00 GMT","SOURCE":"Parking Enforcement","SACC":"PH","COMMUTER":null,"GLOBALID":"0f56a52d-db08-4a1c-989c-27ba771680f9"}},{"type":"Feature","id":117,"geometry":{"type":"LineString","coordinates":[[-63.5982975321676,44.6370934339676],[-63.5975734702856,44.6373283119101]]},"properties":{"OBJECTID":117,"PPID":"PP798","TYPE":"P","ADDDATE":"Fri, 17 Oct 2025 11:26:03 GMT","MODDATE":"Fri, 17 Oct 2025 11:29:02 GMT","SDATE":"Thu, 16 Oct 2025 00:00:00 GMT","SOURCE":"Parking Enforcement","SACC":"IN","COMMUTER":"Y","GLOBALID":"c6ca4985-7e18-468f-9d42-5c314dab4cc9"}},{"type":"Feature","id":118,"geometry":{"type":"LineString","coordinates":[[-63.5730015989942,44.6402113546733],[-63.5726542105924,44.6403021553833]]},"properties":{"OBJECTID":118,"PPID":"PP615","TYPE":"P","ADDDATE":"Mon, 06 Feb 2023 12:43:54 GMT","MODDATE":"Mon, 13 May 2024 15:26:07 GMT","SDATE":"Mon, 06 Feb 2023 00:00:00 GMT","SOURCE":"Parking Enforcement","SACC":"PH","COMMUTER":"N","GLOBALID":"0782abcb-adf5-40e1-bb70-ce452af545a1"}},{"type":"Feature","id":119,"geometry":{"type":"LineString","coordinates":[[-63.5890357255185,44.6477679422074],[-63.5891169403358,44.647716917292],[-63.5891993206896,44.6476668469813],[-63.5892828444124,44.6476177447512],[-63.5893674890284,44.6475696238171],[-63.5894532317607,44.6475224971304],[-63.5895400495366,44.6474763773749],[-63.5896279189943,44.6474312769634],[-63.5897168164888,44.6473872080345]]},"properties":{"OBJECTID":119,"PPID":"PP539","TYPE":"P","ADDDATE":"Thu, 21 Oct 2021 13:41:58 GMT","MODDATE":"Mon, 13 May 2024 15:41:50 GMT","SDATE":"Thu, 21 Oct 2021 10:43:52 GMT","SOURCE":"Parking Enforcement","SACC":"PH","COMMUTER":"Y","GLOBALID":"23fa5786-1b05-4dfd-96eb-6e4fb4b7fbf4"}},{"type":"Feature","id":120,"geometry":{"type":"LineString","coordinates":[[-63.5746222217505,44.6325648105975],[-63.5737599181295,44.6327886092688]]},"properties":{"OBJECTID":120,"PPID":"PP657","TYPE":"P","ADDDATE":"Mon, 01 May 2023 12:42:28 GMT","MODDATE":"Mon, 13 May 2024 15:41:50 GMT","SDATE":"Mon, 01 May 2023 00:00:00 GMT","SOURCE":"Parking Enforcement","SACC":"IN","COMMUTER":"Y","GLOBALID":"8aaec00b-acb8-4040-b092-f051785dc750"}},{"type":"Feature","id":121,"geometry":{"type":"LineString","coordinates":[[-63.5849883866671,44.6540886437149],[-63.5854751801264,44.6544287903704],[-63.5855912330791,44.6545102423606],[-63.5857033144793,44.6545944616822],[-63.5861145335719,44.6549199475553],[-63.5861359352756,44.654938837256],[-63.5861550409912,44.6549589340944],[-63.5861717168308,44.6549800972359],[-63.5861858459344,44.6550021783736],[-63.5861973292889,44.6550250227677],[-63.586206086422,44.6550484703298],[-63.586212055966,44.6550723567448],[-63.5862151960877,44.6550965146226]]},"properties":{"OBJECTID":121,"PPID":"PP311","TYPE":"P","ADDDATE":"Tue, 05 Mar 2019 19:20:41 GMT","MODDATE":"Mon, 13 May 2024 15:41:50 GMT","SDATE":"Thu, 25 Oct 2018 00:00:00 GMT","SOURCE":"Parking Enforcement","SACC":"DG","COMMUTER":"Y","GLOBALID":"73e49f15-2304-4e66-8d4e-55f8b866ad15"}},{"type":"Feature","id":122,"geometry":{"type":"LineString","coordinates":[[-63.5453352740941,44.6542337674644],[-63.5446988195119,44.6545762086386],[-63.5446436944615,44.6546100358609],[-63.5445912873215,44.6546459826647],[-63.5445417589244,44.6546839387287],[-63.5444952612686,44.6547237875653],[-63.5441816019107,44.6550809769212]]},"properties":{"OBJECTID":122,"PPID":"PP595","TYPE":"P","ADDDATE":"Tue, 25 Oct 2022 14:58:54 GMT","MODDATE":"Mon, 13 May 2024 15:41:50 GMT","SDATE":"Tue, 25 Oct 2022 00:00:00 GMT","SOURCE":"Parking Enforcement","SACC":"PH","COMMUTER":"Y","GLOBALID":"b28b393a-4165-4fdf-bfc0-b3cc9c7a3a63"}},{"type":"Feature","id":123,"geometry":{"type":"LineString","coordinates":[[-63.5997592258821,44.6627423286667],[-63.6004480279908,44.6622040623573]]},"properties":{"OBJECTID":123,"PPID":"PP318","TYPE":"P","ADDDATE":"Mon, 09 Sep 2019 18:44:37 GMT","MODDATE":"Mon, 13 May 2024 15:41:50 GMT","SDATE":"Mon, 09 Sep 2019 00:00:00 GMT","SOURCE":"Parking Enforcement","SACC":"DG","COMMUTER":"Y","GLOBALID":"ece49361-5bde-46d0-9b3b-624ad4154bd7"}},{"type":"Feature","id":124,"geometry":{"type":"LineString","coordinates":[[-63.5863048587329,44.631926781347],[-63.5867570949014,44.6329682680512]]},"properties":{"OBJECTID":124,"PPID":"PP700","TYPE":"P","ADDDATE":"Thu, 24 Aug 2023 10:55:58 GMT","MODDATE":"Mon, 16 Dec 2024 12:24:17 GMT","SDATE":"Wed, 23 Aug 2023 00:00:00 GMT","SOURCE":"Parking Enforcement","SACC":"IN","COMMUTER":"Y","GLOBALID":"fdca3e05-88e8-4246-a084-411616f78b42"}},{"type":"Feature","id":125,"geometry":{"type":"LineString","coordinates":[[-63.5854704711576,44.6302143642064],[-63.5861436937844,44.6317705321173]]},"properties":{"OBJECTID":125,"PPID":"PP784","TYPE":"P","ADDDATE":"Mon, 16 Dec 2024 12:22:10 GMT","MODDATE":"Mon, 16 Dec 2024 12:23:22 GMT","SDATE":"Fri, 13 Dec 2024 00:00:00 GMT","SOURCE":"Parking Enforcement","SACC":"IN","COMMUTER":"Y","GLOBALID":"8a220ceb-cc3a-4639-bdda-26ce64131ab6"}},{"type":"Feature","id":126,"geometry":{"type":"LineString","coordinates":[[-63.5771231710274,44.6317991824543],[-63.576212839878,44.6299709062758]]},"properties":{"OBJECTID":126,"PPID":"PP603","TYPE":"P","ADDDATE":"Thu, 08 Dec 2022 19:10:36 GMT","MODDATE":"Mon, 13 May 2024 15:41:50 GMT","SDATE":"Thu, 08 Dec 2022 00:00:00 GMT","SOURCE":"Parking Enforcement","SACC":"PH","COMMUTER":"Y","GLOBALID":"fe769d95-d944-429e-879d-302f5a678fcf"}},{"type":"Feature","id":127,"geometry":{"type":"LineString","coordinates":[[-63.5919264304409,44.6442864106643],[-63.5914487512886,44.6444124647938]]},"properties":{"OBJECTID":127,"PPID":"PP658","TYPE":"P","ADDDATE":"Mon, 01 May 2023 13:04:37 GMT","MODDATE":"Mon, 13 May 2024 15:41:50 GMT","SDATE":"Mon, 01 May 2023 00:00:00 GMT","SOURCE":"Parking Enforcement","SACC":"IN","COMMUTER":"Y","GLOBALID":"8a55d860-b536-46a2-bb31-1f67f4864492"}},{"type":"Feature","id":128,"geometry":{"type":"LineString","coordinates":[[-63.5795824133222,44.6297856002646],[-63.5781120796113,44.6299398634367]]},"properties":{"OBJECTID":128,"PPID":"PP527","TYPE":"P","ADDDATE":"Wed, 15 Sep 2021 16:55:04 GMT","MODDATE":"Mon, 13 May 2024 15:41:50 GMT","SDATE":"Wed, 15 Sep 2021 13:56:07 GMT","SOURCE":"Parking Enforcement","SACC":"PH","COMMUTER":"Y","GLOBALID":"7d4b6d54-0691-4e68-8e6a-9e4d83d2ca15"}},{"type":"Feature","id":129,"geometry":{"type":"LineString","coordinates":[[-63.6020339344547,44.6618574102331],[-63.6017470826215,44.6620773523656]]},"properties":{"OBJECTID":129,"PPID":"PP730","TYPE":"P","ADDDATE":"Wed, 11 Oct 2023 11:15:52 GMT","MODDATE":"Mon, 13 May 2024 15:41:50 GMT","SDATE":"Wed, 11 Oct 2023 00:00:00 GMT","SOURCE":"Parking Enforcement","SACC":"IN","COMMUTER":"Y","GLOBALID":"37a6f454-58a4-434d-aa03-dd0b973a3af4"}},{"type":"Feature","id":130,"geometry":{"type":"LineString","coordinates":[[-63.5908249189345,44.6406937752011],[-63.5905820719738,44.640225887731]]},"properties":{"OBJECTID":130,"PPID":"PP602","TYPE":"P","ADDDATE":"Thu, 17 Nov 2022 16:50:48 GMT","MODDATE":"Mon, 13 May 2024 15:41:50 GMT","SDATE":"Thu, 17 Nov 2022 00:00:00 GMT","SOURCE":"Parking Enforcement","SACC":"PH","COMMUTER":"Y","GLOBALID":"d020a885-768a-400e-937e-0b2d9fbf3de4"}},{"type":"Feature","id":131,"geometry":{"type":"LineString","coordinates":[[-63.5748620854061,44.6325625891506],[-63.5751670257158,44.6331521115049]]},"properties":{"OBJECTID":131,"PPID":"PP652","TYPE":"P","ADDDATE":"Tue, 28 Mar 2023 13:23:57 GMT","MODDATE":"Mon, 13 May 2024 15:41:50 GMT","SDATE":"Tue, 28 Mar 2023 00:00:00 GMT","SOURCE":"Parking Enforcement","SACC":"IN","COMMUTER":"Y","GLOBALID":"0bbfcac7-2b92-48a7-8a3e-795cb40a2674"}},{"type":"Feature","id":132,"geometry":{"type":"LineString","coordinates":[[-63.5850637885572,44.6504319237488],[-63.5852875615894,44.6505841221715]]},"properties":{"OBJECTID":132,"PPID":"PP745","TYPE":"P","ADDDATE":"Mon, 20 Nov 2023 12:57:48 GMT","MODDATE":"Mon, 13 May 2024 15:07:15 GMT","SDATE":"Mon, 20 Nov 2023 00:00:00 GMT","SOURCE":"Parking Enforcement","SACC":"IN","COMMUTER":"N","GLOBALID":"bfc9dfb6-d139-41a0-905f-cb44f8749c7f"}},{"type":"Feature","id":133,"geometry":{"type":"LineString","coordinates":[[-63.5977408183382,44.6334857064773],[-63.5968437265595,44.6337184977996]]},"properties":{"OBJECTID":133,"PPID":"PP756","TYPE":"P","ADDDATE":"Mon, 08 Jan 2024 14:39:41 GMT","MODDATE":"Mon, 13 May 2024 15:41:50 GMT","SDATE":"Mon, 08 Jan 2024 00:00:00 GMT","SOURCE":"Parking Enforcement","SACC":"IN","COMMUTER":"Y","GLOBALID":"6be1359c-bbe5-41d1-972d-ad8b9a850808"}},{"type":"Feature","id":134,"geometry":{"type":"LineString","coordinates":[[-63.5880191164845,44.6525947549559],[-63.5883272943225,44.6523673274806]]},"properties":{"OBJECTID":134,"PPID":"PP556","TYPE":"P","ADDDATE":"Tue, 30 Nov 2021 12:43:27 GMT","MODDATE":"Mon, 13 May 2024 15:41:50 GMT","SDATE":"Tue, 30 Nov 2021 08:43:34 GMT","SOURCE":"Parking Enforcement","SACC":"PH","COMMUTER":"Y","GLOBALID":"a5470afd-d4de-4f2a-8be6-bb18a0d5d974"}},{"type":"Feature","id":135,"geometry":{"type":"LineString","coordinates":[[-63.5871064488171,44.6350273603487],[-63.5873333830208,44.6355486247593]]},"properties":{"OBJECTID":135,"PPID":"PP762","TYPE":"P","ADDDATE":"Thu, 18 Jan 2024 19:04:52 GMT","MODDATE":"Mon, 13 May 2024 15:41:50 GMT","SDATE":"Thu, 18 Jan 2024 00:00:00 GMT","SOURCE":"Parking Enforcement","SACC":"IN","COMMUTER":"Y","GLOBALID":"a880ff9f-c9d0-4005-8a37-25e5b9ccd341"}},{"type":"Feature","id":136,"geometry":{"type":"LineString","coordinates":[[-63.5951351254992,44.6579158403888],[-63.595794677564,44.6583752368946]]},"properties":{"OBJECTID":136,"PPID":"PP313","TYPE":"P","ADDDATE":"Mon, 09 Sep 2019 18:43:25 GMT","MODDATE":"Mon, 13 May 2024 15:41:50 GMT","SDATE":"Mon, 09 Sep 2019 00:00:00 GMT","SOURCE":"Parking Enforcement","SACC":"DG","COMMUTER":"Y","GLOBALID":"7127dcc4-040e-4f24-bf52-c1b44a87f7a2"}},{"type":"Feature","id":137,"geometry":{"type":"LineString","coordinates":[[-63.5910475169703,44.6437865324574],[-63.5907214240306,44.6431517890954]]},"properties":{"OBJECTID":137,"PPID":"PP526","TYPE":"P","ADDDATE":"Tue, 31 Aug 2021 18:13:57 GMT","MODDATE":"Mon, 13 May 2024 15:41:50 GMT","SDATE":"Tue, 31 Aug 2021 15:14:10 GMT","SOURCE":"Parking Enforcement","SACC":"PH","COMMUTER":"Y","GLOBALID":"8d316545-7604-4c1c-b48c-ca87387faeb4"}},{"type":"Feature","id":138,"geometry":{"type":"LineString","coordinates":[[-63.5848972534799,44.6322740036187],[-63.5843513095525,44.632397088881]]},"properties":{"OBJECTID":138,"PPID":"PP726","TYPE":"P","ADDDATE":"Wed, 04 Oct 2023 10:59:45 GMT","MODDATE":"Mon, 13 May 2024 15:41:50 GMT","SDATE":"Tue, 03 Oct 2023 00:00:00 GMT","SOURCE":"Parking Enforcement","SACC":"IN","COMMUTER":"Y","GLOBALID":"334c1072-32fb-4733-8c2f-63ad25f954ae"}},{"type":"Feature","id":139,"geometry":{"type":"LineString","coordinates":[[-63.5886421385582,44.6422088684369],[-63.5885322440563,44.6422398369624]]},"properties":{"OBJECTID":139,"PPID":"PP637","TYPE":"P","ADDDATE":"Wed, 08 Mar 2023 13:10:47 GMT","MODDATE":"Mon, 13 May 2024 15:41:50 GMT","SDATE":"Wed, 08 Mar 2023 00:00:00 GMT","SOURCE":"Parking Enforcement","SACC":"IN","COMMUTER":"Y","GLOBALID":"9f086d85-b5f2-4004-8c0e-1bdb82e7e9c2"}},{"type":"Feature","id":140,"geometry":{"type":"LineString","coordinates":[[-63.5854941067311,44.6299738719599],[-63.5860383546392,44.6312401675039]]},"properties":{"OBJECTID":140,"PPID":"PP626","TYPE":"P","ADDDATE":"Fri, 10 Feb 2023 19:23:58 GMT","MODDATE":"Mon, 16 Dec 2024 12:21:06 GMT","SDATE":"Fri, 10 Feb 2023 00:00:00 GMT","SOURCE":"Parking Enforcement","SACC":"PH","COMMUTER":"Y","GLOBALID":"b9853445-a6d2-4fe3-acce-47ac31773f0b"}},{"type":"Feature","id":141,"geometry":{"type":"LineString","coordinates":[[-63.6016957349199,44.660212994183],[-63.6022178905602,44.6605524039789]]},"properties":{"OBJECTID":141,"PPID":"PP760","TYPE":"P","ADDDATE":"Thu, 11 Jan 2024 15:58:54 GMT","MODDATE":"Mon, 13 May 2024 15:06:05 GMT","SDATE":"Thu, 11 Jan 2024 00:00:00 GMT","SOURCE":"Parking Enforcement","SACC":"IN","COMMUTER":"N","GLOBALID":"7337d548-b186-4841-82eb-acebb4594ddf"}},{"type":"Feature","id":142,"geometry":{"type":"LineString","coordinates":[[-63.6001250054928,44.662194089801],[-63.5993807728394,44.6627674783334]]},"properties":{"OBJECTID":142,"PPID":"PP319","TYPE":"P","ADDDATE":"Mon, 09 Sep 2019 18:44:37 GMT","MODDATE":"Mon, 13 May 2024 15:41:50 GMT","SDATE":"Mon, 09 Sep 2019 00:00:00 GMT","SOURCE":"Parking Enforcement","SACC":"DG","COMMUTER":"Y","GLOBALID":"e02c7b3c-dbfa-4efe-ad02-1619680f6e3d"}},{"type":"Feature","id":143,"geometry":{"type":"LineString","coordinates":[[-63.6002205799508,44.6530977467027],[-63.6012553241737,44.6523094981613],[-63.6017630546673,44.65190815114],[-63.6023147091849,44.6514573102212]]},"properties":{"OBJECTID":143,"PPID":"PP245","TYPE":"P","ADDDATE":"Fri, 08 Feb 2019 21:35:52 GMT","MODDATE":"Mon, 13 May 2024 15:19:32 GMT","SDATE":"Thu, 25 Oct 2018 00:00:00 GMT","SOURCE":"Parking Enforcement","SACC":"DG","COMMUTER":"N","GLOBALID":"1fdd8902-4fba-4732-b3f5-86263f4f2ae4"}},{"type":"Feature","id":144,"geometry":{"type":"LineString","coordinates":[[-63.5904797915922,44.644089552561],[-63.5902054074769,44.6441590747901],[-63.589514721601,44.644345082055]]},"properties":{"OBJECTID":144,"PPID":"PP349","TYPE":"P","ADDDATE":"Mon, 02 Nov 2020 17:55:36 GMT","MODDATE":"Mon, 13 May 2024 15:41:50 GMT","SDATE":"Mon, 02 Nov 2020 00:00:00 GMT","SOURCE":"Parking Enforcement","SACC":"DG","COMMUTER":"Y","GLOBALID":"5cd0d5ba-5b77-4bbf-8c93-765d84361685"}},{"type":"Feature","id":145,"geometry":{"type":"LineString","coordinates":[[-63.5835480099743,44.6509999051858],[-63.5824002522987,44.6502110254875]]},"properties":{"OBJECTID":145,"PPID":"PP142","TYPE":"P","ADDDATE":"Fri, 08 Feb 2019 21:35:52 GMT","MODDATE":"Mon, 13 May 2024 15:41:50 GMT","SDATE":"Thu, 25 Oct 2018 00:00:00 GMT","SOURCE":"Parking Enforcement","SACC":"DG","COMMUTER":"Y","GLOBALID":"457e3336-f0eb-4489-bf36-0e272fe5b3af"}},{"type":"Feature","id":146,"geometry":{"type":"LineString","coordinates":[[-63.5996050129956,44.6598202889112],[-63.5985411202383,44.660589305007]]},"properties":{"OBJECTID":146,"PPID":"PP611","TYPE":"P","ADDDATE":"Tue, 10 Jan 2023 14:55:54 GMT","MODDATE":"Mon, 13 May 2024 15:41:50 GMT","SDATE":"Tue, 10 Jan 2023 11:00:32 GMT","SOURCE":"Parking Enforcement","SACC":"PH","COMMUTER":"Y","GLOBALID":"8a95efb1-6940-4b0c-8773-22be4dd4f46c"}},{"type":"Feature","id":147,"geometry":{"type":"LineString","coordinates":[[-63.5953639596398,44.6402609173896],[-63.595044653472,44.6396255122458]]},"properties":{"OBJECTID":147,"PPID":"PP521","TYPE":"P","ADDDATE":"Fri, 13 Aug 2021 16:06:05 GMT","MODDATE":"Mon, 13 May 2024 15:41:50 GMT","SDATE":"Fri, 13 Aug 2021 13:07:38 GMT","SOURCE":"Parking Enforcement","SACC":"PH","COMMUTER":"Y","GLOBALID":"65e449f8-ae99-4c20-89f5-565810e4a679"}},{"type":"Feature","id":148,"geometry":{"type":"LineString","coordinates":[[-63.5837875879656,44.6501653664119],[-63.5843163695795,44.6505196907856]]},"properties":{"OBJECTID":148,"PPID":"PP330","TYPE":"P","ADDDATE":"Thu, 07 Nov 2019 19:30:20 GMT","MODDATE":"Mon, 13 May 2024 15:41:50 GMT","SDATE":"Thu, 25 Oct 2018 00:00:00 GMT","SOURCE":"Parking Enforcement","SACC":"PH","COMMUTER":"Y","GLOBALID":"c02e62d5-dd21-4749-b611-eca81ef35624"}},{"type":"Feature","id":149,"geometry":{"type":"LineString","coordinates":[[-63.584772739795,44.6335216696815],[-63.5843238175115,44.632452960801]]},"properties":{"OBJECTID":149,"PPID":"PP643","TYPE":"P","ADDDATE":"Thu, 16 Mar 2023 11:22:55 GMT","MODDATE":"Mon, 13 May 2024 15:41:50 GMT","SDATE":"Thu, 16 Mar 2023 00:00:00 GMT","SOURCE":"Parking Enforcement","SACC":"IN","COMMUTER":"Y","GLOBALID":"ed7f361f-ec3c-4d34-9c5f-4a4fdfce6692"}},{"type":"Feature","id":150,"geometry":{"type":"LineString","coordinates":[[-63.5945021402107,44.6407324689694],[-63.5941863958631,44.6401391028813]]},"properties":{"OBJECTID":150,"PPID":"PP519","TYPE":"P","ADDDATE":"Fri, 13 Aug 2021 16:02:16 GMT","MODDATE":"Mon, 13 May 2024 15:41:50 GMT","SDATE":"Fri, 13 Aug 2021 09:21:16 GMT","SOURCE":"Parking Enforcement","SACC":"PH","COMMUTER":"Y","GLOBALID":"687791ac-1390-4c29-bce0-58859a75df04"}},{"type":"Feature","id":151,"geometry":{"type":"LineString","coordinates":[[-63.5917474608835,44.651946003466],[-63.590493438798,44.6528145609617]]},"properties":{"OBJECTID":151,"PPID":"PP670","TYPE":"P","ADDDATE":"Tue, 02 May 2023 10:54:56 GMT","MODDATE":"Mon, 13 May 2024 15:41:50 GMT","SDATE":"Tue, 02 May 2023 00:00:00 GMT","SOURCE":"Parking Enforcement","SACC":"DG","COMMUTER":"Y","GLOBALID":"e462a142-3058-4088-a53d-08a683892eda"}},{"type":"Feature","id":152,"geometry":{"type":"LineString","coordinates":[[-63.5732905798346,44.6359155653761],[-63.5735421224872,44.6364231673721]]},"properties":{"OBJECTID":152,"PPID":"PP779","TYPE":"P","ADDDATE":"Thu, 15 Aug 2024 15:47:54 GMT","MODDATE":"Thu, 15 Aug 2024 15:51:28 GMT","SDATE":"Thu, 15 Aug 2024 00:00:00 GMT","SOURCE":"Parking Enforcement","SACC":"IN","COMMUTER":"Y","GLOBALID":"7310993c-cacd-428a-b3c3-ea3d24a9126c"}},{"type":"Feature","id":153,"geometry":{"type":"LineString","coordinates":[[-63.5781361616474,44.6354795115491],[-63.5775749921742,44.6356164191523]]},"properties":{"OBJECTID":153,"PPID":"PP619","TYPE":"P","ADDDATE":"Fri, 10 Feb 2023 19:21:51 GMT","MODDATE":"Mon, 13 May 2024 15:41:50 GMT","SDATE":"Fri, 10 Feb 2023 00:00:00 GMT","SOURCE":"Parking Enforcement","SACC":"PH","COMMUTER":"Y","GLOBALID":"d920d746-d682-4766-a0c5-11f0d37e7b0d"}},{"type":"Feature","id":154,"geometry":{"type":"LineString","coordinates":[[-63.5851925207306,44.6321458736169],[-63.5842796868749,44.6323570624347]]},"properties":{"OBJECTID":154,"PPID":"PP725","TYPE":"P","ADDDATE":"Wed, 04 Oct 2023 10:59:45 GMT","MODDATE":"Mon, 13 May 2024 15:41:50 GMT","SDATE":"Tue, 03 Oct 2023 00:00:00 GMT","SOURCE":"Parking Enforcement","SACC":"IN","COMMUTER":"Y","GLOBALID":"0b34e4a0-306c-4019-88fe-b83d43ce0d22"}},{"type":"Feature","id":155,"geometry":{"type":"LineString","coordinates":[[-63.5775258740911,44.6402903567576],[-63.5777197107665,44.6406520088871]]},"properties":{"OBJECTID":155,"PPID":"PP506","TYPE":"P","ADDDATE":"Fri, 06 Aug 2021 14:19:00 GMT","MODDATE":"Mon, 13 May 2024 15:24:57 GMT","SDATE":"Fri, 06 Aug 2021 11:19:16 GMT","SOURCE":"Parking Enforcement","SACC":"PH","COMMUTER":"N","GLOBALID":"cb08d12f-e9fd-4b23-b841-502ce37d5b4e"}},{"type":"Feature","id":156,"geometry":{"type":"LineString","coordinates":[[-63.5870934600764,44.6302225624757],[-63.5868661773264,44.6304658659215],[-63.5868423692764,44.6305150271785],[-63.586852958617,44.6305743364398],[-63.5868930019191,44.6306651368875],[-63.5872354450953,44.6314525863909]]},"properties":{"OBJECTID":156,"PPID":"PP665","TYPE":"P","ADDDATE":"Mon, 01 May 2023 13:11:40 GMT","MODDATE":"Mon, 13 May 2024 15:41:50 GMT","SDATE":"Mon, 01 May 2023 00:00:00 GMT","SOURCE":"Parking Enforcement","SACC":"IN","COMMUTER":"Y","GLOBALID":"aa7a3cce-d1ef-4e24-9601-1c7533caf4a6"}},{"type":"Feature","id":157,"geometry":{"type":"LineString","coordinates":[[-63.5941495568516,44.6636016095794],[-63.5945147606421,44.6633562197005]]},"properties":{"OBJECTID":157,"PPID":"PP676","TYPE":"P","ADDDATE":"Wed, 14 Jun 2023 10:58:41 GMT","MODDATE":"Mon, 13 May 2024 15:41:50 GMT","SDATE":"Wed, 14 Jun 2023 00:00:00 GMT","SOURCE":"Parking Enforcement","SACC":"IN","COMMUTER":"Y","GLOBALID":"3cd24920-748a-42b2-9ac9-e3439f9c07bd"}},{"type":"Feature","id":158,"geometry":{"type":"LineString","coordinates":[[-63.5738779585545,44.6391280375133],[-63.5743447950413,44.640007788576]]},"properties":{"OBJECTID":158,"PPID":"PP460","TYPE":"P","ADDDATE":"Thu, 28 Jan 2021 15:50:02 GMT","MODDATE":"Mon, 13 May 2024 15:41:50 GMT","SDATE":"Sun, 28 Feb 2021 00:00:00 GMT","SOURCE":"Parking Services","SACC":"DG","COMMUTER":"Y","GLOBALID":"6214e095-af82-4cb0-aae2-efbde359261f"}},{"type":"Feature","id":159,"geometry":{"type":"LineString","coordinates":[[-63.5897357862127,44.6412207329301],[-63.5899466477593,44.6416165560923]]},"properties":{"OBJECTID":159,"PPID":"PP706","TYPE":"P","ADDDATE":"Mon, 28 Aug 2023 18:22:28 GMT","MODDATE":"Mon, 13 May 2024 15:41:50 GMT","SDATE":"Mon, 28 Aug 2023 00:00:00 GMT","SOURCE":"Parking Enforcement","SACC":"IN","COMMUTER":"Y","GLOBALID":"a08b2567-779d-4636-a96e-6d32231ec349"}},{"type":"Feature","id":160,"geometry":{"type":"LineString","coordinates":[[-63.5995704889426,44.6390544919224],[-63.6002699414773,44.6402190849284]]},"properties":{"OBJECTID":160,"PPID":"PP774","TYPE":"P","ADDDATE":"Mon, 22 Jul 2024 15:48:46 GMT","MODDATE":"Mon, 22 Jul 2024 15:49:38 GMT","SDATE":null,"SOURCE":"Parking Enforcement","SACC":null,"COMMUTER":"Y","GLOBALID":"074d3620-867e-4f4d-b899-60cae389dca6"}},{"type":"Feature","id":161,"geometry":{"type":"LineString","coordinates":[[-63.5935941734271,44.6441006154051],[-63.5933961577891,44.6437113469798]]},"properties":{"OBJECTID":161,"PPID":"PP694","TYPE":"P","ADDDATE":"Tue, 15 Aug 2023 10:55:59 GMT","MODDATE":"Mon, 13 May 2024 15:41:50 GMT","SDATE":"Mon, 14 Aug 2023 00:00:00 GMT","SOURCE":"Parking Enforcement","SACC":"IN","COMMUTER":"Y","GLOBALID":"20d89376-f984-4f10-a6e7-8176ddf15fa0"}},{"type":"Feature","id":162,"geometry":{"type":"LineString","coordinates":[[-63.5729786066145,44.6352956358358],[-63.5731993298663,44.6357171964935]]},"properties":{"OBJECTID":162,"PPID":"PP777","TYPE":"P","ADDDATE":"Thu, 15 Aug 2024 15:47:54 GMT","MODDATE":"Thu, 15 Aug 2024 15:49:19 GMT","SDATE":"Thu, 15 Aug 2024 00:00:00 GMT","SOURCE":"Parking Enforcement","SACC":"IN","COMMUTER":"Y","GLOBALID":"d3b9d456-9eeb-4a0f-8499-49b531bd2ab0"}},{"type":"Feature","id":163,"geometry":{"type":"LineString","coordinates":[[-63.5435056879313,44.6555448836688],[-63.543881006752,44.6553391252417]]},"properties":{"OBJECTID":163,"PPID":"PP579","TYPE":"P","ADDDATE":"Wed, 20 Apr 2022 18:28:07 GMT","MODDATE":"Mon, 13 May 2024 15:41:50 GMT","SDATE":"Wed, 20 Apr 2022 00:00:00 GMT","SOURCE":"Parking Enforcement","SACC":"PH","COMMUTER":"Y","GLOBALID":"18241a49-8ccd-43c8-85fd-1d8192c203e6"}},{"type":"Feature","id":164,"geometry":{"type":"LineString","coordinates":[[-63.5732728641588,44.6399522646147],[-63.5730589672049,44.6395187652784]]},"properties":{"OBJECTID":164,"PPID":"PP525","TYPE":"P","ADDDATE":"Mon, 30 Aug 2021 12:07:57 GMT","MODDATE":"Mon, 13 May 2024 15:41:50 GMT","SDATE":"Mon, 30 Aug 2021 09:08:18 GMT","SOURCE":"Parking Enforcement","SACC":"PH","COMMUTER":"Y","GLOBALID":"d9caf45b-6343-41eb-b121-89cce8b3b173"}},{"type":"Feature","id":165,"geometry":{"type":"LineString","coordinates":[[-63.5766173602336,44.6403629496831],[-63.5772487833518,44.6416103325368],[-63.5773156278905,44.641741323633]]},"properties":{"OBJECTID":165,"PPID":"PP153","TYPE":"P","ADDDATE":"Fri, 08 Feb 2019 21:35:52 GMT","MODDATE":"Mon, 13 May 2024 15:24:57 GMT","SDATE":"Thu, 25 Oct 2018 00:00:00 GMT","SOURCE":"Parking Enforcement","SACC":"DG","COMMUTER":"N","GLOBALID":"f2228843-20eb-4940-80fa-f57b7eb77546"}},{"type":"Feature","id":166,"geometry":{"type":"LineString","coordinates":[[-63.5935771458609,44.6441035599147],[-63.5930663206713,44.644234710918]]},"properties":{"OBJECTID":166,"PPID":"PP695","TYPE":"P","ADDDATE":"Tue, 15 Aug 2023 10:55:59 GMT","MODDATE":"Mon, 13 May 2024 15:41:50 GMT","SDATE":"Mon, 14 Aug 2023 00:00:00 GMT","SOURCE":"Parking Enforcement","SACC":"IN","COMMUTER":"Y","GLOBALID":"7bd6e0ea-cfe5-4c7a-8b54-adcfe40f67c9"}},{"type":"Feature","id":167,"geometry":{"type":"LineString","coordinates":[[-63.5933336898425,44.6405843469344],[-63.5938039246561,44.6414563592489]]},"properties":{"OBJECTID":167,"PPID":"PP746","TYPE":"P","ADDDATE":"Mon, 20 Nov 2023 13:10:08 GMT","MODDATE":"Mon, 13 May 2024 15:41:50 GMT","SDATE":"Mon, 20 Nov 2023 00:00:00 GMT","SOURCE":"Parking Enforcement","SACC":"IN","COMMUTER":"Y","GLOBALID":"951c7200-e8c7-408c-8565-c45fbae14702"}},{"type":"Feature","id":168,"geometry":{"type":"LineString","coordinates":[[-63.5964136293711,44.6398378946876],[-63.5959042873,44.6388323448089]]},"properties":{"OBJECTID":168,"PPID":"PP546","TYPE":"P","ADDDATE":"Mon, 15 Nov 2021 13:54:00 GMT","MODDATE":"Mon, 13 May 2024 15:41:50 GMT","SDATE":"Mon, 15 Nov 2021 09:54:29 GMT","SOURCE":"Parking Enforcement","SACC":"PH","COMMUTER":"Y","GLOBALID":"54d5989d-7ca6-4f41-8966-f9bc4cd604d1"}},{"type":"Feature","id":169,"geometry":{"type":"LineString","coordinates":[[-63.5880119030128,44.6527125147815],[-63.5885535619763,44.6523145357745]]},"properties":{"OBJECTID":169,"PPID":"PP264","TYPE":"P","ADDDATE":"Fri, 08 Feb 2019 21:35:52 GMT","MODDATE":"Mon, 13 May 2024 15:41:50 GMT","SDATE":"Thu, 25 Oct 2018 00:00:00 GMT","SOURCE":"Parking Enforcement","SACC":"DG","COMMUTER":"Y","GLOBALID":"1aabf2bb-8497-4d6e-8ca2-c02834c20654"}},{"type":"Feature","id":170,"geometry":{"type":"LineString","coordinates":[[-63.5914493837026,44.6425383584602],[-63.5912802569857,44.6420069526316]]},"properties":{"OBJECTID":170,"PPID":"PP601","TYPE":"P","ADDDATE":"Thu, 17 Nov 2022 16:50:48 GMT","MODDATE":"Mon, 13 May 2024 15:41:50 GMT","SDATE":"Thu, 17 Nov 2022 00:00:00 GMT","SOURCE":"Parking Enforcement","SACC":"PH","COMMUTER":"Y","GLOBALID":"b7bc33be-fe75-4bb4-8043-a70c89acf7ef"}},{"type":"Feature","id":171,"geometry":{"type":"LineString","coordinates":[[-63.5926674614986,44.6450187493349],[-63.5924112458099,44.6444752437719]]},"properties":{"OBJECTID":171,"PPID":"PP599","TYPE":"P","ADDDATE":"Thu, 17 Nov 2022 16:47:54 GMT","MODDATE":"Mon, 13 May 2024 15:41:50 GMT","SDATE":"Thu, 17 Nov 2022 00:00:00 GMT","SOURCE":"Parking Enforcement","SACC":"PH","COMMUTER":"Y","GLOBALID":"f6188398-7797-46c3-8ce9-cd07580353c4"}},{"type":"Feature","id":172,"geometry":{"type":"LineString","coordinates":[[-63.5934645528199,44.6535762712396],[-63.5925008824039,44.6529118627214]]},"properties":{"OBJECTID":172,"PPID":"PP661","TYPE":"P","ADDDATE":"Mon, 01 May 2023 13:06:44 GMT","MODDATE":"Mon, 13 May 2024 15:41:50 GMT","SDATE":"Mon, 01 May 2023 00:00:00 GMT","SOURCE":"Parking Enforcement","SACC":"IN","COMMUTER":"Y","GLOBALID":"f1005711-88cd-45aa-b04f-de6770960549"}},{"type":"Feature","id":173,"geometry":{"type":"LineString","coordinates":[[-63.593116936246,44.6433797282311],[-63.5921947814708,44.643630491564]]},"properties":{"OBJECTID":173,"PPID":"PP350","TYPE":"P","ADDDATE":"Mon, 02 Nov 2020 17:56:09 GMT","MODDATE":"Mon, 13 May 2024 15:41:50 GMT","SDATE":"Mon, 02 Nov 2020 00:00:00 GMT","SOURCE":"Parking Enforcement","SACC":"DG","COMMUTER":"Y","GLOBALID":"59119a25-e180-4de8-9231-655881d77522"}},{"type":"Feature","id":174,"geometry":{"type":"LineString","coordinates":[[-63.5911284264313,44.6527783579325],[-63.5924346657877,44.6536869907678]]},"properties":{"OBJECTID":174,"PPID":"PP183","TYPE":"P","ADDDATE":"Fri, 08 Feb 2019 21:35:52 GMT","MODDATE":"Mon, 13 May 2024 15:41:50 GMT","SDATE":"Thu, 25 Oct 2018 00:00:00 GMT","SOURCE":"Parking Enforcement","SACC":"DG","COMMUTER":"Y","GLOBALID":"73b9725a-c77a-4c9f-9335-8e0c5fbe2b48"}},{"type":"Feature","id":175,"geometry":{"type":"LineString","coordinates":[[-63.591889014711,44.648725100848],[-63.5915090489054,44.648829624112]]},"properties":{"OBJECTID":175,"PPID":"PP641","TYPE":"P","ADDDATE":"Thu, 16 Mar 2023 11:17:55 GMT","MODDATE":"Mon, 13 May 2024 15:41:50 GMT","SDATE":"Thu, 16 Mar 2023 00:00:00 GMT","SOURCE":"Parking Enforcement","SACC":"IN","COMMUTER":"Y","GLOBALID":"ff00d246-71b5-4505-adba-abbe4653dcee"}},{"type":"Feature","id":176,"geometry":{"type":"LineString","coordinates":[[-63.5863731414742,44.6577353572421],[-63.5871219986546,44.6572268630897],[-63.587500254068,44.6569684011186]]},"properties":{"OBJECTID":176,"PPID":"PP110","TYPE":"P","ADDDATE":"Fri, 08 Feb 2019 21:35:52 GMT","MODDATE":"Mon, 13 May 2024 15:41:50 GMT","SDATE":"Thu, 25 Oct 2018 00:00:00 GMT","SOURCE":"Parking Enforcement","SACC":"DG","COMMUTER":"Y","GLOBALID":"f7879e75-6cf2-4f9c-83fd-c41877db3ab2"}},{"type":"Feature","id":177,"geometry":{"type":"LineString","coordinates":[[-63.5894035146604,44.6405931822765],[-63.5896507184502,44.6410785673027]]},"properties":{"OBJECTID":177,"PPID":"PP705","TYPE":"P","ADDDATE":"Mon, 28 Aug 2023 18:22:28 GMT","MODDATE":"Mon, 13 May 2024 15:41:50 GMT","SDATE":"Mon, 28 Aug 2023 00:00:00 GMT","SOURCE":"Parking Enforcement","SACC":"IN","COMMUTER":"Y","GLOBALID":"0413d7a8-4a39-4df2-924c-e48df6d985c5"}},{"type":"Feature","id":178,"geometry":{"type":"LineString","coordinates":[[-63.6068330796555,44.6553023384509],[-63.6062739825957,44.6557091076288]]},"properties":{"OBJECTID":178,"PPID":"PP490","TYPE":"P","ADDDATE":"Mon, 19 Apr 2021 14:55:11 GMT","MODDATE":"Mon, 13 May 2024 15:19:32 GMT","SDATE":"Mon, 19 Apr 2021 11:56:21 GMT","SOURCE":"Parking Enforcement","SACC":"PH","COMMUTER":"N","GLOBALID":"f70f5737-eec1-4e3f-b566-5c1a4229c3a0"}},{"type":"Feature","id":179,"geometry":{"type":"LineString","coordinates":[[-63.5854839099543,44.633372246251],[-63.5849662234325,44.6335406517086]]},"properties":{"OBJECTID":179,"PPID":"PP786","TYPE":"P","ADDDATE":"Mon, 16 Dec 2024 12:26:18 GMT","MODDATE":"Mon, 16 Dec 2024 12:27:29 GMT","SDATE":"Mon, 16 Dec 2024 00:00:00 GMT","SOURCE":"Parking Enforcement","SACC":"IN","COMMUTER":"Y","GLOBALID":"c06a8395-6b5d-4606-8862-7ea6d84d7b7b"}},{"type":"Feature","id":180,"geometry":{"type":"LineString","coordinates":[[-63.5990072713106,44.6592340125708],[-63.59995285325,44.6585677787755]]},"properties":{"OBJECTID":180,"PPID":"PP794","TYPE":"P","ADDDATE":"Fri, 22 Aug 2025 13:14:49 GMT","MODDATE":"Fri, 22 Aug 2025 13:19:01 GMT","SDATE":null,"SOURCE":"Parking Enforcement","SACC":"IN","COMMUTER":"Y","GLOBALID":"f24e1e68-55c0-4d83-8234-e54307a0f582"}},{"type":"Feature","id":181,"geometry":{"type":"LineString","coordinates":[[-63.6015600982951,44.6680802832309],[-63.6013170716714,44.6679184785942]]},"properties":{"OBJECTID":181,"PPID":"PP549","TYPE":"P","ADDDATE":"Thu, 18 Nov 2021 12:47:07 GMT","MODDATE":"Mon, 13 May 2024 15:04:44 GMT","SDATE":"Thu, 18 Nov 2021 08:47:41 GMT","SOURCE":"Parking Enforcement","SACC":"PH","COMMUTER":"N","GLOBALID":"a341bbc1-0d0a-472c-a55f-5668be3e4119"}},{"type":"Feature","id":182,"geometry":{"type":"LineString","coordinates":[[-63.584027579182,44.6478778892918],[-63.5843969269009,44.6486408358552],[-63.5844944857374,44.6487522128398]]},"properties":{"OBJECTID":182,"PPID":"PP691","TYPE":"P","ADDDATE":"Fri, 28 Jul 2023 16:38:50 GMT","MODDATE":"Mon, 13 May 2024 15:41:50 GMT","SDATE":"Fri, 28 Jul 2023 00:00:00 GMT","SOURCE":"Parking Enforcement","SACC":"IN","COMMUTER":"Y","GLOBALID":"7672c20b-b614-4ee2-aa74-a58a5050a5b4"}},{"type":"Feature","id":183,"geometry":{"type":"LineString","coordinates":[[-63.5985210536715,44.6606641459347],[-63.5991274066068,44.6610933730506]]},"properties":{"OBJECTID":183,"PPID":"PP758","TYPE":"P","ADDDATE":"Mon, 08 Jan 2024 14:42:07 GMT","MODDATE":"Mon, 13 May 2024 15:41:50 GMT","SDATE":"Mon, 08 Jan 2024 00:00:00 GMT","SOURCE":"Parking Enforcement","SACC":"IN","COMMUTER":"Y","GLOBALID":"1b965ccd-7185-49c8-b89d-889803971165"}},{"type":"Feature","id":184,"geometry":{"type":"LineString","coordinates":[[-63.5861008145009,44.6363768882638],[-63.5865455021261,44.6372689993235]]},"properties":{"OBJECTID":184,"PPID":"PP732","TYPE":"P","ADDDATE":"Fri, 13 Oct 2023 12:13:18 GMT","MODDATE":"Mon, 13 May 2024 15:12:53 GMT","SDATE":"Fri, 13 Oct 2023 00:00:00 GMT","SOURCE":"Parking Enforcement","SACC":"IN","COMMUTER":"N","GLOBALID":"45317df5-a66b-4369-93b1-bda748570c03"}},{"type":"Feature","id":185,"geometry":{"type":"LineString","coordinates":[[-63.5892619204087,44.6425095050603],[-63.589558770491,44.6430950722946]]},"properties":{"OBJECTID":185,"PPID":"PP731","TYPE":"P","ADDDATE":"Fri, 13 Oct 2023 12:10:38 GMT","MODDATE":"Mon, 13 May 2024 15:41:02 GMT","SDATE":"Fri, 13 Oct 2023 00:00:00 GMT","SOURCE":"Parking Enforcement","SACC":"IN","COMMUTER":"N","GLOBALID":"ba03e5f2-0aa7-4eaf-b97b-a5a902a547e6"}},{"type":"Feature","id":186,"geometry":{"type":"LineString","coordinates":[[-63.5907565023441,44.6408522541329],[-63.5897360161814,44.6411298921117]]},"properties":{"OBJECTID":186,"PPID":"PP645","TYPE":"P","ADDDATE":"Tue, 21 Mar 2023 16:14:46 GMT","MODDATE":"Mon, 13 May 2024 15:41:50 GMT","SDATE":"Tue, 21 Mar 2023 00:00:00 GMT","SOURCE":"Parking Enforcement","SACC":"IN","COMMUTER":"Y","GLOBALID":"712b72d7-7811-4488-b719-d38efd7950d0"}},{"type":"Feature","id":187,"geometry":{"type":"LineString","coordinates":[[-63.5842205094572,44.6322337098731],[-63.5834783833532,44.6305184313862]]},"properties":{"OBJECTID":187,"PPID":"PP596","TYPE":"P","ADDDATE":"Wed, 09 Nov 2022 12:23:29 GMT","MODDATE":"Mon, 13 May 2024 15:41:50 GMT","SDATE":"Wed, 09 Nov 2022 00:00:00 GMT","SOURCE":"Parking Enforcement","SACC":"PH","COMMUTER":"Y","GLOBALID":"04765518-812d-443d-97c5-fcf59d205ccc"}},{"type":"Feature","id":188,"geometry":{"type":"LineString","coordinates":[[-63.5876304486987,44.6486697609787],[-63.5874940921686,44.6487357781311],[-63.5873561680591,44.6488001259408],[-63.5872167167409,44.6488627855787],[-63.5870757790319,44.6489237387094],[-63.5869333961853,44.6489829674974],[-63.586789609877,44.6490404546112],[-63.5866444621936,44.6490961832296],[-63.5864979956206,44.6491501370455],[-63.5863598287282,44.6491948222185],[-63.5862192079777,44.6492354488215],[-63.5860763688004,44.6492719488449],[-63.5859315503418,44.649304261187]]},"properties":{"OBJECTID":188,"PPID":"PP540","TYPE":"P","ADDDATE":"Thu, 21 Oct 2021 13:42:43 GMT","MODDATE":"Mon, 13 May 2024 15:41:50 GMT","SDATE":"Thu, 21 Oct 2021 10:43:52 GMT","SOURCE":"Parking Enforcement","SACC":"PH","COMMUTER":"Y","GLOBALID":"6a6c9999-5271-436c-9d6d-b5e963be1f3c"}},{"type":"Feature","id":189,"geometry":{"type":"LineString","coordinates":[[-63.5744259730986,44.6348541661836],[-63.5748295610029,44.6356708375575]]},"properties":{"OBJECTID":189,"PPID":"PP709","TYPE":"P","ADDDATE":"Fri, 01 Sep 2023 13:10:04 GMT","MODDATE":"Tue, 20 Aug 2024 11:32:58 GMT","SDATE":"Fri, 01 Sep 2023 00:00:00 GMT","SOURCE":"Parking Enforcement","SACC":"IN","COMMUTER":"Y","GLOBALID":"19f24c72-02a1-4dcf-8237-dd904cdaaff5"}},{"type":"Feature","id":190,"geometry":{"type":"LineString","coordinates":[[-63.6023589601958,44.6703560436429],[-63.6029294622665,44.6699329446329]]},"properties":{"OBJECTID":190,"PPID":"PP498","TYPE":"P","ADDDATE":"Tue, 01 Jun 2021 16:49:43 GMT","MODDATE":"Mon, 13 May 2024 15:41:50 GMT","SDATE":"Tue, 01 Jun 2021 13:49:53 GMT","SOURCE":"Parking Enforcement","SACC":"PH","COMMUTER":"Y","GLOBALID":"bf77a4df-6a84-4f8d-9b1d-0b908325cdba"}},{"type":"Feature","id":191,"geometry":{"type":"LineString","coordinates":[[-63.5838510755,44.6477346848269],[-63.5843206114243,44.648694103191],[-63.5844221866284,44.6488026776796]]},"properties":{"OBJECTID":191,"PPID":"PP690","TYPE":"P","ADDDATE":"Fri, 28 Jul 2023 16:38:50 GMT","MODDATE":"Mon, 13 May 2024 15:41:50 GMT","SDATE":"Fri, 28 Jul 2023 00:00:00 GMT","SOURCE":"Parking Enforcement","SACC":"IN","COMMUTER":"Y","GLOBALID":"dab10f5d-4231-40d3-8e70-c070593d30bf"}},{"type":"Feature","id":192,"geometry":{"type":"LineString","coordinates":[[-63.5858352195023,44.6525182708515],[-63.5853394105509,44.6521718752305]]},"properties":{"OBJECTID":192,"PPID":"PP775","TYPE":"P","ADDDATE":"Wed, 14 Aug 2024 18:04:30 GMT","MODDATE":"Wed, 14 Aug 2024 18:05:47 GMT","SDATE":"Wed, 14 Aug 2024 00:00:00 GMT","SOURCE":"Parking Enforcement","SACC":"IN","COMMUTER":"Y","GLOBALID":"b8ba793f-f7a0-40cb-9507-57dea68b409e"}},{"type":"Feature","id":193,"geometry":{"type":"LineString","coordinates":[[-63.5801833619928,44.636506267552],[-63.580032712723,44.636549300591],[-63.5798706323912,44.6366099409355],[-63.5797510630337,44.6366470297883],[-63.5795445223835,44.6366975773908]]},"properties":{"OBJECTID":193,"PPID":"PP767","TYPE":"P","ADDDATE":"Mon, 04 Mar 2024 12:07:23 GMT","MODDATE":"Mon, 13 May 2024 15:41:50 GMT","SDATE":"Mon, 04 Mar 2024 00:00:00 GMT","SOURCE":"Parking Enforcement","SACC":"IN","COMMUTER":"Y","GLOBALID":"12b8a91f-311d-4dd3-8f20-158d3aa29c6d"}},{"type":"Feature","id":194,"geometry":{"type":"LineString","coordinates":[[-63.5761650665729,44.6416891217918],[-63.5760378085348,44.6414361180944]]},"properties":{"OBJECTID":194,"PPID":"PP541","TYPE":"P","ADDDATE":"Wed, 27 Oct 2021 18:39:40 GMT","MODDATE":"Mon, 13 May 2024 15:24:57 GMT","SDATE":"Wed, 27 Oct 2021 15:39:49 GMT","SOURCE":"Parking Enforcement","SACC":null,"COMMUTER":"N","GLOBALID":"09a7096d-da48-4bb9-a1aa-0444e2339942"}},{"type":"Feature","id":195,"geometry":{"type":"LineString","coordinates":[[-63.5923740690318,44.6487095499359],[-63.5915631948592,44.6489165761836]]},"properties":{"OBJECTID":195,"PPID":"PP642","TYPE":"P","ADDDATE":"Thu, 16 Mar 2023 11:17:55 GMT","MODDATE":"Mon, 13 May 2024 15:41:50 GMT","SDATE":"Thu, 16 Mar 2023 00:00:00 GMT","SOURCE":"Parking Enforcement","SACC":"IN","COMMUTER":"Y","GLOBALID":"cb6ca5a3-a61b-4afb-9acf-c89fa0ba73a3"}},{"type":"Feature","id":196,"geometry":{"type":"LineString","coordinates":[[-63.5750322945929,44.632538183914],[-63.5756282881563,44.6336342634272]]},"properties":{"OBJECTID":196,"PPID":"PP653","TYPE":"P","ADDDATE":"Tue, 28 Mar 2023 13:24:49 GMT","MODDATE":"Mon, 13 May 2024 15:41:50 GMT","SDATE":"Tue, 28 Mar 2023 00:00:00 GMT","SOURCE":"Parking Enforcement","SACC":"IN","COMMUTER":"Y","GLOBALID":"12ecb46d-705f-4e61-9785-77ba0c41d356"}},{"type":"Feature","id":197,"geometry":{"type":"LineString","coordinates":[[-63.5837826193838,44.6509726600414],[-63.5840920036592,44.6508470623997]]},"properties":{"OBJECTID":197,"PPID":"PP158","TYPE":"P","ADDDATE":"Fri, 08 Feb 2019 21:35:52 GMT","MODDATE":"Mon, 13 May 2024 15:41:50 GMT","SDATE":"Thu, 25 Oct 2018 00:00:00 GMT","SOURCE":"Parking Enforcement","SACC":"PH","COMMUTER":"Y","GLOBALID":"a0a68286-c6dc-4576-8129-8a0b10bb4035"}},{"type":"Feature","id":198,"geometry":{"type":"LineString","coordinates":[[-63.5901365785598,44.6522138799236],[-63.5894877568711,44.6517803514284]]},"properties":{"OBJECTID":198,"PPID":"PP497","TYPE":"P","ADDDATE":"Mon, 31 May 2021 17:12:49 GMT","MODDATE":"Mon, 13 May 2024 15:28:24 GMT","SDATE":"Mon, 31 May 2021 14:12:58 GMT","SOURCE":"Parking Enforcement","SACC":"PH","COMMUTER":"N","GLOBALID":"46cce5a1-7c16-4dfb-b66e-ba69bbf7c526"}},{"type":"Feature","id":199,"geometry":{"type":"LineString","coordinates":[[-63.5767101023035,44.6397983029061],[-63.5767560834697,44.6398924925799]]},"properties":{"OBJECTID":199,"PPID":"PP459","TYPE":"P","ADDDATE":"Thu, 28 Jan 2021 15:48:14 GMT","MODDATE":"Mon, 13 May 2024 15:24:57 GMT","SDATE":"Thu, 25 Oct 2018 00:00:00 GMT","SOURCE":"Parking Enforcement","SACC":"DG","COMMUTER":"N","GLOBALID":"e26e4d13-b626-43a3-a57f-d5a7829c4a53"}},{"type":"Feature","id":200,"geometry":{"type":"LineString","coordinates":[[-63.579157684466,44.6299155427627],[-63.5784127071093,44.6299914244083]]},"properties":{"OBJECTID":200,"PPID":"PP528","TYPE":"P","ADDDATE":"Wed, 15 Sep 2021 16:55:29 GMT","MODDATE":"Mon, 13 May 2024 15:41:50 GMT","SDATE":"Wed, 15 Sep 2021 13:56:07 GMT","SOURCE":"Parking Enforcement","SACC":"PH","COMMUTER":"Y","GLOBALID":"ac45bb32-c6f4-4b27-b74d-2600bcba4c05"}},{"type":"Feature","id":201,"geometry":{"type":"LineString","coordinates":[[-63.5752774574103,44.6283262087643],[-63.5735688401804,44.6288125076848]]},"properties":{"OBJECTID":201,"PPID":"PP789","TYPE":"P","ADDDATE":"Mon, 16 Dec 2024 12:36:26 GMT","MODDATE":"Mon, 16 Dec 2024 12:38:20 GMT","SDATE":"Fri, 13 Dec 2024 00:00:00 GMT","SOURCE":"Parking Enforcement","SACC":"IN","COMMUTER":"Y","GLOBALID":"03092489-1a11-40d4-87fb-4f811c200ea0"}},{"type":"Feature","id":202,"geometry":{"type":"LineString","coordinates":[[-63.575660190027,44.6323099662953],[-63.5753895653611,44.6323772505009]]},"properties":{"OBJECTID":202,"PPID":"PP586","TYPE":"P","ADDDATE":"Mon, 29 Aug 2022 18:20:47 GMT","MODDATE":"Mon, 13 May 2024 15:41:50 GMT","SDATE":"Mon, 29 Aug 2022 00:00:00 GMT","SOURCE":"Parking Enforcement","SACC":"PH","COMMUTER":"Y","GLOBALID":"a306bd97-8f0c-443b-a803-aa3ea2e18fdd"}},{"type":"Feature","id":203,"geometry":{"type":"LineString","coordinates":[[-63.5974601397277,44.6613806932482],[-63.5978948246122,44.6610613801285]]},"properties":{"OBJECTID":203,"PPID":"PP502","TYPE":"P","ADDDATE":"Mon, 28 Jun 2021 12:50:59 GMT","MODDATE":"Mon, 13 May 2024 15:41:50 GMT","SDATE":"Mon, 28 Jun 2021 09:51:11 GMT","SOURCE":"Parking Enforcement","SACC":"PH","COMMUTER":"Y","GLOBALID":"fa205156-85d7-4091-86bf-017c76e14979"}},{"type":"Feature","id":204,"geometry":{"type":"LineString","coordinates":[[-63.5944180399338,44.6558532119383],[-63.5953514416163,44.6551961711615]]},"properties":{"OBJECTID":204,"PPID":"PP465","TYPE":"P","ADDDATE":"Fri, 05 Feb 2021 19:56:57 GMT","MODDATE":"Mon, 13 May 2024 15:41:50 GMT","SDATE":"Fri, 05 Feb 2021 00:00:00 GMT","SOURCE":"Parking Services","SACC":"DG","COMMUTER":"Y","GLOBALID":"56477175-1bce-4a98-971e-9c8befc3fbd3"}},{"type":"Feature","id":205,"geometry":{"type":"LineString","coordinates":[[-63.5848278289798,44.6517326319997],[-63.5851355405921,44.651541034315]]},"properties":{"OBJECTID":205,"PPID":"PP555","TYPE":"P","ADDDATE":"Fri, 26 Nov 2021 18:32:05 GMT","MODDATE":"Mon, 13 May 2024 15:41:50 GMT","SDATE":"Fri, 26 Nov 2021 14:32:11 GMT","SOURCE":"Parking Enforcement","SACC":"PH","COMMUTER":"Y","GLOBALID":"63be83b9-5d6f-436a-b486-08c61e27a324"}},{"type":"Feature","id":206,"geometry":{"type":"LineString","coordinates":[[-63.5981812102197,44.6383366632679],[-63.5971796246105,44.6386208842459]]},"properties":{"OBJECTID":206,"PPID":"PP772","TYPE":"P","ADDDATE":"Mon, 22 Jul 2024 15:41:33 GMT","MODDATE":"Mon, 22 Jul 2024 15:46:36 GMT","SDATE":null,"SOURCE":"Parking Enforcement","SACC":null,"COMMUTER":"Y","GLOBALID":"19afac12-d0fc-4905-b94e-5daf73e26916"}},{"type":"Feature","id":207,"geometry":{"type":"LineString","coordinates":[[-63.5830780069261,44.6324350773176],[-63.5828005335045,44.6318024478644]]},"properties":{"OBJECTID":207,"PPID":"PP782","TYPE":"P","ADDDATE":"Fri, 11 Oct 2024 16:15:32 GMT","MODDATE":"Fri, 11 Oct 2024 16:20:24 GMT","SDATE":"Fri, 11 Oct 2024 00:00:00 GMT","SOURCE":"Parking Enforcement","SACC":"IN","COMMUTER":"Y","GLOBALID":"5b306852-f4f6-4777-92f9-cd1380f85f1d"}},{"type":"Feature","id":208,"geometry":{"type":"LineString","coordinates":[[-63.5968671204861,44.6407001458652],[-63.5966395475803,44.6402528848077]]},"properties":{"OBJECTID":208,"PPID":"PP545","TYPE":"P","ADDDATE":"Mon, 15 Nov 2021 13:53:20 GMT","MODDATE":"Mon, 13 May 2024 15:41:50 GMT","SDATE":"Mon, 15 Nov 2021 09:54:29 GMT","SOURCE":"Parking Enforcement","SACC":"PH","COMMUTER":"Y","GLOBALID":"02a98662-52f5-4923-85e3-065a37ff8b69"}},{"type":"Feature","id":209,"geometry":{"type":"LineString","coordinates":[[-63.5975061038259,44.6397587264381],[-63.5966757874155,44.6399836619586]]},"properties":{"OBJECTID":209,"PPID":"PP763","TYPE":"P","ADDDATE":"Thu, 18 Jan 2024 19:06:24 GMT","MODDATE":"Mon, 13 May 2024 15:41:50 GMT","SDATE":"Thu, 18 Jan 2024 00:00:00 GMT","SOURCE":"Parking Enforcement","SACC":"IN","COMMUTER":"Y","GLOBALID":"96820e5a-3f7d-48f1-967d-7352fd2388c2"}},{"type":"Feature","id":210,"geometry":{"type":"LineString","coordinates":[[-63.5934979926063,44.6330026724198],[-63.5944471579254,44.6334166291656]]},"properties":{"OBJECTID":210,"PPID":"PP647","TYPE":"P","ADDDATE":"Thu, 23 Mar 2023 12:33:59 GMT","MODDATE":"Mon, 13 May 2024 15:41:50 GMT","SDATE":"Thu, 23 Mar 2023 00:00:00 GMT","SOURCE":"Parking Enforcement","SACC":"IN","COMMUTER":"Y","GLOBALID":"605afb77-8098-4cfc-9e0e-996884709599"}},{"type":"Feature","id":211,"geometry":{"type":"LineString","coordinates":[[-63.5456750977829,44.6565875215828],[-63.5442265077934,44.6552410485947]]},"properties":{"OBJECTID":211,"PPID":"PP578","TYPE":"P","ADDDATE":"Wed, 20 Apr 2022 18:28:07 GMT","MODDATE":"Mon, 13 May 2024 15:41:50 GMT","SDATE":"Wed, 20 Apr 2022 00:00:00 GMT","SOURCE":"Parking Enforcement","SACC":"PH","COMMUTER":"Y","GLOBALID":"d7dd5ccc-7e99-48b0-9365-99096410ad99"}},{"type":"Feature","id":212,"geometry":{"type":"LineString","coordinates":[[-63.5884713912806,44.6534082702902],[-63.5895487884115,44.6525945344855]]},"properties":{"OBJECTID":212,"PPID":"PP170","TYPE":"P","ADDDATE":"Fri, 08 Feb 2019 21:35:52 GMT","MODDATE":"Mon, 13 May 2024 15:41:50 GMT","SDATE":"Thu, 25 Oct 2018 00:00:00 GMT","SOURCE":"Parking Enforcement","SACC":"DG","COMMUTER":"Y","GLOBALID":"4bb3bfc2-8426-423b-8f24-061d74784ed8"}},{"type":"Feature","id":213,"geometry":{"type":"LineString","coordinates":[[-63.5853277216725,44.6321657881493],[-63.5859685303888,44.6320073756293]]},"properties":{"OBJECTID":213,"PPID":"PP703","TYPE":"P","ADDDATE":"Thu, 24 Aug 2023 11:00:56 GMT","MODDATE":"Mon, 13 May 2024 15:41:50 GMT","SDATE":"Wed, 23 Aug 2023 00:00:00 GMT","SOURCE":"Parking Enforcement","SACC":"IN","COMMUTER":"Y","GLOBALID":"81cc2574-c1e8-42c7-aa6c-2c9b86d4a122"}},{"type":"Feature","id":214,"geometry":{"type":"LineString","coordinates":[[-63.5881847442633,44.6384271645697],[-63.5886025803464,44.6392784176941]]},"properties":{"OBJECTID":214,"PPID":"PP573","TYPE":"P","ADDDATE":"Tue, 18 Jan 2022 19:20:29 GMT","MODDATE":"Fri, 13 Sep 2024 14:30:31 GMT","SDATE":"Tue, 18 Jan 2022 15:20:34 GMT","SOURCE":"Parking Enforcement","SACC":"PH","COMMUTER":"N","GLOBALID":"cbbf0a18-0a9f-4ace-a3b7-f64244ab83f6"}},{"type":"Feature","id":215,"geometry":{"type":"LineString","coordinates":[[-63.5949771118408,44.6397141725977],[-63.5941095225326,44.639950037698]]},"properties":{"OBJECTID":215,"PPID":"PP755","TYPE":"P","ADDDATE":"Mon, 08 Jan 2024 14:38:05 GMT","MODDATE":"Mon, 13 May 2024 15:41:50 GMT","SDATE":"Mon, 08 Jan 2024 00:00:00 GMT","SOURCE":"Parking Enforcement","SACC":"IN","COMMUTER":"Y","GLOBALID":"22683d1d-1d20-4af2-a43f-39ef11ab9f36"}},{"type":"Feature","id":216,"geometry":{"type":"LineString","coordinates":[[-63.6001213798923,44.6364907293449],[-63.5993529556083,44.6367700693402]]},"properties":{"OBJECTID":216,"PPID":"PP797","TYPE":"P","ADDDATE":"Fri, 17 Oct 2025 11:25:40 GMT","MODDATE":"Fri, 17 Oct 2025 11:29:00 GMT","SDATE":"Thu, 16 Oct 2025 00:00:00 GMT","SOURCE":"Parking Enforcement","SACC":"IN","COMMUTER":"Y","GLOBALID":"798592c8-644b-45a1-9122-fd7214314686"}},{"type":"Feature","id":217,"geometry":{"type":"LineString","coordinates":[[-63.5998574144376,44.6545848424746],[-63.6005867907528,44.6540370555886],[-63.6012091220221,44.6535684008988]]},"properties":{"OBJECTID":217,"PPID":"PP334","TYPE":"P","ADDDATE":"Fri, 15 May 2020 12:10:55 GMT","MODDATE":"Mon, 13 May 2024 15:41:50 GMT","SDATE":"Fri, 15 May 2020 00:00:00 GMT","SOURCE":"Parking Services","SACC":"DG","COMMUTER":"Y","GLOBALID":"e0e29307-2a91-4f05-8dbb-549befb748a2"}},{"type":"Feature","id":218,"geometry":{"type":"LineString","coordinates":[[-63.6076241450778,44.6557334507207],[-63.6073452675895,44.6559382454029]]},"properties":{"OBJECTID":218,"PPID":"PP500","TYPE":"P","ADDDATE":"Fri, 11 Jun 2021 14:26:42 GMT","MODDATE":"Mon, 13 May 2024 15:19:32 GMT","SDATE":"Fri, 11 Jun 2021 11:26:51 GMT","SOURCE":"Parking Enforcement","SACC":"PH","COMMUTER":"N","GLOBALID":"a540a023-9a65-4dc7-8da4-40d53a9ac17e"}},{"type":"Feature","id":219,"geometry":{"type":"LineString","coordinates":[[-63.5913133275646,44.6454307061862],[-63.5908849659213,44.6455374569761]]},"properties":{"OBJECTID":219,"PPID":"PP346","TYPE":"P","ADDDATE":"Mon, 02 Nov 2020 17:51:52 GMT","MODDATE":"Mon, 13 May 2024 15:41:50 GMT","SDATE":"Mon, 02 Nov 2020 00:00:00 GMT","SOURCE":"Parking Enforcement","SACC":"DG","COMMUTER":"Y","GLOBALID":"3092fb96-71dd-424f-90cb-5546019250df"}},{"type":"Feature","id":220,"geometry":{"type":"LineString","coordinates":[[-63.5738429053938,44.6303685923566],[-63.5747701967357,44.6321126207054]]},"properties":{"OBJECTID":220,"PPID":"PP714","TYPE":"P","ADDDATE":"Mon, 11 Sep 2023 11:44:21 GMT","MODDATE":"Mon, 13 May 2024 15:41:50 GMT","SDATE":"Fri, 08 Sep 2023 00:00:00 GMT","SOURCE":"Parking Enforcement","SACC":"IN","COMMUTER":"Y","GLOBALID":"7b7b828d-fc6e-441a-b48b-78eba11bc6d9"}},{"type":"Feature","id":221,"geometry":{"type":"LineString","coordinates":[[-63.5957987873564,44.641354995531],[-63.5956463702021,44.6410557846696]]},"properties":{"OBJECTID":221,"PPID":"PP523","TYPE":"P","ADDDATE":"Fri, 13 Aug 2021 16:10:32 GMT","MODDATE":"Mon, 13 May 2024 15:41:50 GMT","SDATE":"Fri, 13 Aug 2021 13:11:30 GMT","SOURCE":"Parking Enforcement","SACC":"PH","COMMUTER":"Y","GLOBALID":"a3e9df44-10cb-4f33-9521-d28ce28893a0"}},{"type":"Feature","id":222,"geometry":{"type":"LineString","coordinates":[[-63.5956023401768,44.634027667007],[-63.5952615067816,44.6341117333253]]},"properties":{"OBJECTID":222,"PPID":"PP757","TYPE":"P","ADDDATE":"Mon, 08 Jan 2024 14:39:41 GMT","MODDATE":"Mon, 13 May 2024 15:41:50 GMT","SDATE":"Mon, 08 Jan 2024 00:00:00 GMT","SOURCE":"Parking Enforcement","SACC":"IN","COMMUTER":"Y","GLOBALID":"cbf45b7d-69c6-4f5b-9e62-691410ec7e3b"}},{"type":"Feature","id":223,"geometry":{"type":"LineString","coordinates":[[-63.5934589149931,44.6578604971483],[-63.5927732246486,44.658359723714]]},"properties":{"OBJECTID":223,"PPID":"PP589","TYPE":"P","ADDDATE":"Tue, 04 Oct 2022 17:50:50 GMT","MODDATE":"Mon, 13 May 2024 15:41:50 GMT","SDATE":"Tue, 04 Oct 2022 00:00:00 GMT","SOURCE":"Parking Enforcement","SACC":"PH","COMMUTER":"Y","GLOBALID":"58493a4e-d6ff-4efe-8fcd-e1a3ab3e82c1"}},{"type":"Feature","id":224,"geometry":{"type":"LineString","coordinates":[[-63.5762594669328,44.638528355066],[-63.5767355327109,44.6384107441405]]},"properties":{"OBJECTID":224,"PPID":"PP799","TYPE":"P","ADDDATE":"Tue, 02 Jun 2026 17:20:52 GMT","MODDATE":"Tue, 02 Jun 2026 17:22:18 GMT","SDATE":"Tue, 02 Jun 2026 00:00:00 GMT","SOURCE":"Parking Services","SACC":"DG","COMMUTER":"N","GLOBALID":"25cef557-a168-4568-bb21-c5a7d3c37152"}},{"type":"Feature","id":225,"geometry":{"type":"LineString","coordinates":[[-63.5918678468097,44.6329047190968],[-63.5897299220105,44.63341838648]]},"properties":{"OBJECTID":225,"PPID":"PP776","TYPE":"P","ADDDATE":"Thu, 15 Aug 2024 15:45:16 GMT","MODDATE":"Thu, 15 Aug 2024 15:46:23 GMT","SDATE":"Thu, 15 Aug 2024 00:00:00 GMT","SOURCE":"Parking Enforcement","SACC":"IN","COMMUTER":"Y","GLOBALID":"b8880ca8-a58a-4b3b-be39-9081d41d93c7"}},{"type":"Feature","id":226,"geometry":{"type":"LineString","coordinates":[[-63.5857153420226,44.6473366754966],[-63.5855327711192,44.6477911427308]]},"properties":{"OBJECTID":226,"PPID":"PP768","TYPE":"P","ADDDATE":"Wed, 10 Apr 2024 14:06:06 GMT","MODDATE":"Mon, 13 May 2024 15:41:50 GMT","SDATE":"Wed, 10 Apr 2024 00:00:00 GMT","SOURCE":"Parking Enforcement","SACC":"IN","COMMUTER":"Y","GLOBALID":"75e125e0-e718-489f-84d5-12f3674d2889"}},{"type":"Feature","id":227,"geometry":{"type":"LineString","coordinates":[[-63.5852215084665,44.6498939700572],[-63.5863255613069,44.6506329966988]]},"properties":{"OBJECTID":227,"PPID":"PP536","TYPE":"P","ADDDATE":"Thu, 07 Oct 2021 11:40:34 GMT","MODDATE":"Mon, 13 May 2024 15:41:50 GMT","SDATE":"Mon, 06 Feb 2023 00:00:00 GMT","SOURCE":"Parking Enforcement","SACC":"PH","COMMUTER":"Y","GLOBALID":"191cf69d-8436-4d33-980d-90942c9b57ce"}},{"type":"Feature","id":228,"geometry":{"type":"LineString","coordinates":[[-63.5936442832503,44.6391220540275],[-63.5934205793884,44.6387039831961]]},"properties":{"OBJECTID":228,"PPID":"PP517","TYPE":"P","ADDDATE":"Fri, 13 Aug 2021 16:02:16 GMT","MODDATE":"Mon, 13 May 2024 15:41:50 GMT","SDATE":"Fri, 13 Aug 2021 09:17:01 GMT","SOURCE":"Parking Enforcement","SACC":"PH","COMMUTER":"Y","GLOBALID":"334788c7-2fad-4617-ab77-45f3465736ba"}},{"type":"Feature","id":229,"geometry":{"type":"LineString","coordinates":[[-63.5730537902139,44.6352901185966],[-63.5732724662052,44.6357055343701]]},"properties":{"OBJECTID":229,"PPID":"PP778","TYPE":"P","ADDDATE":"Thu, 15 Aug 2024 15:47:54 GMT","MODDATE":"Thu, 15 Aug 2024 15:49:19 GMT","SDATE":"Thu, 15 Aug 2024 00:00:00 GMT","SOURCE":"Parking Enforcement","SACC":"IN","COMMUTER":"Y","GLOBALID":"6e896602-d3b1-41a9-931d-0ff1135b7272"}},{"type":"Feature","id":230,"geometry":{"type":"LineString","coordinates":[[-63.5931383520823,44.6485118517409],[-63.5926924580197,44.6486312188555]]},"properties":{"OBJECTID":230,"PPID":"PP639","TYPE":"P","ADDDATE":"Thu, 16 Mar 2023 11:17:55 GMT","MODDATE":"Mon, 13 May 2024 15:41:50 GMT","SDATE":"Thu, 16 Mar 2023 00:00:00 GMT","SOURCE":"Parking Enforcement","SACC":"IN","COMMUTER":"Y","GLOBALID":"a42be1ad-8545-45d3-b6c2-455ab658a8a6"}},{"type":"Feature","id":231,"geometry":{"type":"LineString","coordinates":[[-63.573737299449,44.6329696315945],[-63.5743468135557,44.6340863244807]]},"properties":{"OBJECTID":231,"PPID":"PP717","TYPE":"P","ADDDATE":"Wed, 20 Sep 2023 12:21:05 GMT","MODDATE":"Mon, 13 May 2024 15:41:50 GMT","SDATE":"Wed, 20 Sep 2023 00:00:00 GMT","SOURCE":"Parking Enforcement","SACC":"IN","COMMUTER":"Y","GLOBALID":"8a4162a0-14b3-4648-8031-38485f3bc402"}},{"type":"Feature","id":232,"geometry":{"type":"LineString","coordinates":[[-63.5831203993226,44.6305217908436],[-63.5832828048445,44.6304866555765]]},"properties":{"OBJECTID":232,"PPID":"PP606","TYPE":"P","ADDDATE":"Thu, 08 Dec 2022 19:12:26 GMT","MODDATE":"Mon, 13 May 2024 15:41:50 GMT","SDATE":"Thu, 08 Dec 2022 00:00:00 GMT","SOURCE":"Parking Enforcement","SACC":"PH","COMMUTER":"Y","GLOBALID":"3781c3fe-60ca-454e-880a-9c4104fe38b4"}},{"type":"Feature","id":233,"geometry":{"type":"LineString","coordinates":[[-63.5969464884381,44.6636113410196],[-63.6001117212064,44.6661422701501],[-63.6001778189058,44.6661938259338],[-63.6002463306155,44.6662437621628],[-63.6003171779354,44.6662920216978],[-63.6003902797928,44.6663385493183],[-63.6005203754299,44.6664189953672],[-63.6006457202354,44.6665031701261],[-63.6010060883948,44.6667426337696],[-63.6010310135217,44.6667576542393],[-63.6010577986572,44.6667709570303],[-63.6010862105933,44.6667824263215],[-63.6011160019578,44.6667919622553],[-63.6011469133688,44.6667994818069],[-63.6011786756923,44.6668049195072],[-63.6012110123858,44.6668082280127],[-63.6012436419059,44.6668093785179],[-63.6012762801598,44.666808361006],[-63.6013086429785,44.666805184336],[-63.6013404485914,44.6667998761654],[-63.6013714200788,44.6667924827101],[-63.601401287784,44.6667830683411],[-63.6014297916599,44.666771715025],[-63.6014566835343,44.6667585216096],[-63.6014817292697,44.6667436029637],[-63.6020422025486,44.6663416383666],[-63.602075906552,44.6663157900809],[-63.6021082452153,44.6662890740748],[-63.6021391744087,44.6662615268043],[-63.6021686519255,44.6662331858596],[-63.6021966375401,44.6662040899143],[-63.602223093063,44.666174278672],[-63.6022479823924,44.6661437928126],[-63.602271271564,44.6661126739367],[-63.6022929287968,44.6660809645087],[-63.6023129245371,44.6660487077988],[-63.6023312314982,44.6660159478243],[-63.6023478246983,44.6659827292893],[-63.6023626814938,44.6659490975235],[-63.602375781611,44.6659150984208],[-63.6023871071732,44.6658807783765],[-63.6023966427254,44.6658461842237],[-63.6024037052704,44.6658252282677],[-63.6024168585926,44.6658058151518],[-63.6024355037596,44.6657888288477],[-63.60245879177,44.6657750428239],[-63.6025194909337,44.6657629369576]]},"properties":{"OBJECTID":233,"PPID":"PP250","TYPE":"P","ADDDATE":"Fri, 08 Feb 2019 21:35:52 GMT","MODDATE":"Mon, 13 May 2024 15:41:50 GMT","SDATE":"Thu, 25 Oct 2018 00:00:00 GMT","SOURCE":"Parking Enforcement","SACC":"DG","COMMUTER":"Y","GLOBALID":"6eb49a6b-3300-4ece-8205-99c8f5277a08"}},{"type":"Feature","id":234,"geometry":{"type":"LineString","coordinates":[[-63.5842825210596,44.6347034082511],[-63.5862113324337,44.6342513098142]]},"properties":{"OBJECTID":234,"PPID":"PP507","TYPE":"P","ADDDATE":"Thu, 12 Aug 2021 12:10:14 GMT","MODDATE":"Mon, 13 May 2024 15:41:50 GMT","SDATE":"Thu, 12 Aug 2021 09:11:46 GMT","SOURCE":"Parking Enforcement","SACC":"PH","COMMUTER":"Y","GLOBALID":"44440f6e-232e-4ca6-9421-e2f9a95e9994"}},{"type":"Feature","id":235,"geometry":{"type":"LineString","coordinates":[[-63.6031896601868,44.6710034124148],[-63.6024474568277,44.6704823656468]]},"properties":{"OBJECTID":235,"PPID":"PP593","TYPE":"P","ADDDATE":"Tue, 25 Oct 2022 14:50:42 GMT","MODDATE":"Mon, 13 May 2024 15:41:50 GMT","SDATE":"Tue, 25 Oct 2022 00:00:00 GMT","SOURCE":"Parking Enforcement","SACC":"PH","COMMUTER":"Y","GLOBALID":"7b0621a8-3c30-4a9f-8c01-b1c2971e3e2c"}},{"type":"Feature","id":236,"geometry":{"type":"LineString","coordinates":[[-63.5868623190622,44.637835371006],[-63.5878330259818,44.6397518136407],[-63.5878807444897,44.6398261854535]]},"properties":{"OBJECTID":236,"PPID":"PP307","TYPE":"P","ADDDATE":"Tue, 05 Mar 2019 19:15:47 GMT","MODDATE":"Mon, 13 May 2024 15:12:53 GMT","SDATE":"Tue, 05 Mar 2019 00:00:00 GMT","SOURCE":"TPW","SACC":"DG","COMMUTER":"N","GLOBALID":"a8f6b5ec-0ab7-45ed-b53e-314c19775a3d"}},{"type":"Feature","id":237,"geometry":{"type":"LineString","coordinates":[[-63.5933247704701,44.6336612162662],[-63.5934376949895,44.633926414965]]},"properties":{"OBJECTID":237,"PPID":"PP489","TYPE":"P","ADDDATE":"Tue, 13 Apr 2021 18:16:58 GMT","MODDATE":"Mon, 13 May 2024 15:41:50 GMT","SDATE":"Tue, 13 Apr 2021 15:34:52 GMT","SOURCE":"Parking Enforcement","SACC":"PH","COMMUTER":"Y","GLOBALID":"006446ad-f3ec-457c-932e-c99089d8b70c"}},{"type":"Feature","id":238,"geometry":{"type":"LineString","coordinates":[[-63.5787239032866,44.6369104557159],[-63.5788448524565,44.6373170745479]]},"properties":{"OBJECTID":238,"PPID":"PP699","TYPE":"P","ADDDATE":"Thu, 17 Aug 2023 17:57:43 GMT","MODDATE":"Mon, 13 May 2024 15:41:50 GMT","SDATE":"Thu, 17 Aug 2023 00:00:00 GMT","SOURCE":"Parking Enforcement","SACC":"IN","COMMUTER":"Y","GLOBALID":"b361078e-e689-4857-88dc-36d60c96cd2e"}},{"type":"Feature","id":239,"geometry":{"type":"LineString","coordinates":[[-63.5898370056839,44.6346626425137],[-63.5885435583373,44.6349576060003]]},"properties":{"OBJECTID":239,"PPID":"PP646","TYPE":"P","ADDDATE":"Thu, 23 Mar 2023 12:31:18 GMT","MODDATE":"Mon, 13 May 2024 15:41:50 GMT","SDATE":"Thu, 23 Mar 2023 00:00:00 GMT","SOURCE":"Parking Enforcement","SACC":"IN","COMMUTER":"Y","GLOBALID":"7d508ae2-ce0b-4e20-a66e-d72f44a1ad24"}},{"type":"Feature","id":240,"geometry":{"type":"LineString","coordinates":[[-63.5798065600536,44.6354881629302],[-63.5794171825987,44.6346806410135]]},"properties":{"OBJECTID":240,"PPID":"PP565","TYPE":"P","ADDDATE":"Thu, 09 Dec 2021 15:33:28 GMT","MODDATE":"Mon, 13 May 2024 15:41:50 GMT","SDATE":"Thu, 09 Dec 2021 11:33:42 GMT","SOURCE":"Parking Enforcement","SACC":"PH","COMMUTER":"Y","GLOBALID":"b53a5dfd-30b7-4bcb-ad82-2030c9a22f26"}},{"type":"Feature","id":241,"geometry":{"type":"LineString","coordinates":[[-63.592541769224,44.6459264485531],[-63.5913711844588,44.6462296517698]]},"properties":{"OBJECTID":241,"PPID":"PP716","TYPE":"P","ADDDATE":"Tue, 19 Sep 2023 15:11:46 GMT","MODDATE":"Mon, 13 May 2024 15:41:50 GMT","SDATE":"Tue, 19 Sep 2023 00:00:00 GMT","SOURCE":"Parking Enforcement","SACC":"IN","COMMUTER":"Y","GLOBALID":"03261693-ece0-4597-b6a7-1b5d31e5ddcc"}},{"type":"Feature","id":242,"geometry":{"type":"LineString","coordinates":[[-63.5934658949029,44.6577460711522],[-63.5931620801822,44.6575380629835]]},"properties":{"OBJECTID":242,"PPID":"PP503","TYPE":"P","ADDDATE":"Wed, 14 Jul 2021 19:30:25 GMT","MODDATE":"Mon, 13 May 2024 15:41:50 GMT","SDATE":"Wed, 14 Jul 2021 16:38:52 GMT","SOURCE":"Parking Enforcement","SACC":"PH","COMMUTER":"Y","GLOBALID":"48194543-9cb3-467f-b111-596591d31b0c"}},{"type":"Feature","id":243,"geometry":{"type":"LineString","coordinates":[[-63.5938438907031,44.6417013164151],[-63.5934926386472,44.6410456908686]]},"properties":{"OBJECTID":243,"PPID":"PP510","TYPE":"P","ADDDATE":"Thu, 12 Aug 2021 12:34:14 GMT","MODDATE":"Mon, 13 May 2024 15:41:50 GMT","SDATE":"Thu, 12 Aug 2021 09:34:24 GMT","SOURCE":"Parking Enforcement","SACC":"PH","COMMUTER":"Y","GLOBALID":"b388f59a-c483-4fc5-9dc7-2a9fabff998b"}},{"type":"Feature","id":244,"geometry":{"type":"LineString","coordinates":[[-63.5845138803644,44.6354502468079],[-63.5842017050234,44.6347664885899]]},"properties":{"OBJECTID":244,"PPID":"PP532","TYPE":"P","ADDDATE":"Wed, 15 Sep 2021 17:01:16 GMT","MODDATE":"Mon, 13 May 2024 15:41:50 GMT","SDATE":"Wed, 15 Sep 2021 14:02:00 GMT","SOURCE":"Parking Enforcement","SACC":"PH","COMMUTER":"Y","GLOBALID":"b37a8359-901f-4032-a4b5-5adba860efbd"}},{"type":"Feature","id":245,"geometry":{"type":"LineString","coordinates":[[-63.5783092014256,44.6354777268101],[-63.5786257291042,44.6364133731999]]},"properties":{"OBJECTID":245,"PPID":"PP678","TYPE":"P","ADDDATE":"Tue, 20 Jun 2023 10:53:45 GMT","MODDATE":"Mon, 13 May 2024 15:41:50 GMT","SDATE":"Mon, 19 Jun 2023 00:00:00 GMT","SOURCE":"Parking Enforcement","SACC":"IN","COMMUTER":"Y","GLOBALID":"4bce765b-d523-441c-9354-67b57ba30f31"}},{"type":"Feature","id":246,"geometry":{"type":"LineString","coordinates":[[-63.5848733924293,44.6503396211034],[-63.5843624163227,44.6500093663228]]},"properties":{"OBJECTID":246,"PPID":"PP554","TYPE":"P","ADDDATE":"Thu, 25 Nov 2021 15:17:54 GMT","MODDATE":"Mon, 13 May 2024 15:07:15 GMT","SDATE":"Thu, 25 Nov 2021 11:18:06 GMT","SOURCE":"Parking Enforcement","SACC":"PH","COMMUTER":"N","GLOBALID":"7eff9ef1-8bae-4584-95d9-aadc762cbe64"}},{"type":"Feature","id":247,"geometry":{"type":"LineString","coordinates":[[-63.5894730083308,44.6419811605515],[-63.5891983142967,44.6420558804058]]},"properties":{"OBJECTID":247,"PPID":"PP633","TYPE":"P","ADDDATE":"Wed, 08 Mar 2023 13:10:47 GMT","MODDATE":"Mon, 13 May 2024 15:41:50 GMT","SDATE":"Wed, 08 Mar 2023 00:00:00 GMT","SOURCE":"Parking Enforcement","SACC":"IN","COMMUTER":"Y","GLOBALID":"5db5b1af-3f43-4796-9279-94dfdc26018c"}},{"type":"Feature","id":248,"geometry":{"type":"LineString","coordinates":[[-63.5943567371022,44.6454365158189],[-63.5935814460962,44.6456445284084]]},"properties":{"OBJECTID":248,"PPID":"PP352","TYPE":"P","ADDDATE":"Mon, 02 Nov 2020 17:58:26 GMT","MODDATE":"Mon, 13 May 2024 15:41:50 GMT","SDATE":"Mon, 02 Nov 2020 00:00:00 GMT","SOURCE":"Parking Enforcement","SACC":"DG","COMMUTER":"Y","GLOBALID":"9aad8dc4-d2d3-4218-bab0-9fc0da50c429"}},{"type":"Feature","id":249,"geometry":{"type":"LineString","coordinates":[[-63.5879466547804,44.6410168578191],[-63.587559344349,44.6411268304828]]},"properties":{"OBJECTID":249,"PPID":"PP572","TYPE":"P","ADDDATE":"Tue, 18 Jan 2022 19:16:18 GMT","MODDATE":"Mon, 13 May 2024 15:41:50 GMT","SDATE":"Tue, 18 Jan 2022 15:16:22 GMT","SOURCE":"Parking Enforcement","SACC":"PH","COMMUTER":"Y","GLOBALID":"9c0912e1-1c96-46bd-948a-9fa09a426bc8"}},{"type":"Feature","id":250,"geometry":{"type":"LineString","coordinates":[[-63.573045388271,44.6329175778412],[-63.5716074720637,44.6332866145988]]},"properties":{"OBJECTID":250,"PPID":"PP656","TYPE":"P","ADDDATE":"Mon, 01 May 2023 12:42:28 GMT","MODDATE":"Mon, 13 May 2024 15:41:50 GMT","SDATE":"Mon, 01 May 2023 00:00:00 GMT","SOURCE":"Parking Enforcement","SACC":"IN","COMMUTER":"Y","GLOBALID":"8557d608-44ea-4ced-b3e9-19c5eee980bc"}},{"type":"Feature","id":251,"geometry":{"type":"LineString","coordinates":[[-63.5833261862862,44.6464596194974],[-63.5832781497747,44.6463670631937],[-63.5832685342893,44.6463382933137],[-63.5832608748217,44.6463092276906],[-63.5832551890999,44.6462799335971],[-63.5832514902838,44.6462504788354],[-63.5832497869344,44.6462209315792],[-63.5832500829941,44.6461913602165],[-63.5832523777778,44.6461618331915],[-63.5832566659741,44.6461324188454],[-63.5832629376577,44.646103185259],[-63.5832711783127,44.6460742000948],[-63.5832813688658,44.6460455304403],[-63.5832934857305,44.646017242653],[-63.5833075008621,44.6459894022066],[-63.5833233818219,44.6459620735394],[-63.5833410918531,44.6459353199053],[-63.583360589965,44.6459092032273]]},"properties":{"OBJECTID":251,"PPID":"PP551","TYPE":"P","ADDDATE":"Mon, 22 Nov 2021 15:25:59 GMT","MODDATE":"Mon, 13 May 2024 15:41:50 GMT","SDATE":"Mon, 22 Nov 2021 11:27:02 GMT","SOURCE":"Parking Enforcement","SACC":"PH","COMMUTER":"Y","GLOBALID":"f4834218-ba93-43b0-8d04-9fdd8c446c34"}},{"type":"Feature","id":252,"geometry":{"type":"LineString","coordinates":[[-63.5454205314011,44.6565037370403],[-63.5451370428604,44.6562456808088]]},"properties":{"OBJECTID":252,"PPID":"PP575","TYPE":"P","ADDDATE":"Wed, 20 Apr 2022 18:28:07 GMT","MODDATE":"Mon, 13 May 2024 15:41:50 GMT","SDATE":"Wed, 20 Apr 2022 00:00:00 GMT","SOURCE":"Parking Enforcement","SACC":"PH","COMMUTER":"Y","GLOBALID":"225fc97c-0464-4068-a249-00613ea0677e"}},{"type":"Feature","id":253,"geometry":{"type":"LineString","coordinates":[[-63.6031883594263,44.6712107941239],[-63.6028004111911,44.6715135316798]]},"properties":{"OBJECTID":253,"PPID":"PP592","TYPE":"P","ADDDATE":"Tue, 25 Oct 2022 14:50:42 GMT","MODDATE":"Mon, 13 May 2024 15:41:50 GMT","SDATE":"Tue, 25 Oct 2022 00:00:00 GMT","SOURCE":"Parking Enforcement","SACC":"PH","COMMUTER":"Y","GLOBALID":"8748daff-8cb8-44b5-a284-d8eb87e5f8b0"}},{"type":"Feature","id":254,"geometry":{"type":"LineString","coordinates":[[-63.5766902028234,44.6372891805674],[-63.5758690106013,44.6374714915668]]},"properties":{"OBJECTID":254,"PPID":"PP718","TYPE":"P","ADDDATE":"Wed, 20 Sep 2023 16:24:05 GMT","MODDATE":"Mon, 13 May 2024 15:41:50 GMT","SDATE":"Wed, 20 Sep 2023 00:00:00 GMT","SOURCE":"Parking Enforcement","SACC":"IN","COMMUTER":"Y","GLOBALID":"274dc47f-0b23-4122-bc0a-72dd87dc03df"}},{"type":"Feature","id":255,"geometry":{"type":"LineString","coordinates":[[-63.5885744316369,44.6355401523723],[-63.5879065818339,44.6341381349108]]},"properties":{"OBJECTID":255,"PPID":"PP648","TYPE":"P","ADDDATE":"Thu, 23 Mar 2023 12:35:11 GMT","MODDATE":"Mon, 13 May 2024 15:41:50 GMT","SDATE":"Thu, 23 Mar 2023 00:00:00 GMT","SOURCE":"Parking Enforcement","SACC":"IN","COMMUTER":"Y","GLOBALID":"8633164b-15f1-4d06-a09c-949ee0ff6958"}},{"type":"Feature","id":256,"geometry":{"type":"LineString","coordinates":[[-63.600943733636,44.6587851563957],[-63.5996678717093,44.6597155126162]]},"properties":{"OBJECTID":256,"PPID":"PP667","TYPE":"P","ADDDATE":"Mon, 01 May 2023 13:13:44 GMT","MODDATE":"Mon, 13 May 2024 15:41:50 GMT","SDATE":"Mon, 01 May 2023 00:00:00 GMT","SOURCE":"Parking Enforcement","SACC":"IN","COMMUTER":"Y","GLOBALID":"84cb6956-2a64-4cc4-a8db-9032f4fd5be3"}},{"type":"Feature","id":257,"geometry":{"type":"LineString","coordinates":[[-63.5967008028012,44.656825401852],[-63.5969571199995,44.6569975987744]]},"properties":{"OBJECTID":257,"PPID":"PP160","TYPE":"P","ADDDATE":"Fri, 08 Feb 2019 21:35:52 GMT","MODDATE":"Mon, 13 May 2024 15:41:50 GMT","SDATE":"Thu, 25 Oct 2018 00:00:00 GMT","SOURCE":"Parking Enforcement","SACC":"DG","COMMUTER":"Y","GLOBALID":"b74ca184-4c0b-46d1-86f9-d14c33176a22"}},{"type":"Feature","id":258,"geometry":{"type":"LineString","coordinates":[[-63.5869703944757,44.6523794367831],[-63.5877124963252,44.6528900260434],[-63.5884713912806,44.6534082702902],[-63.5886980236504,44.6535636643795]]},"properties":{"OBJECTID":258,"PPID":"PP204","TYPE":"P","ADDDATE":"Fri, 08 Feb 2019 21:35:52 GMT","MODDATE":"Mon, 13 May 2024 15:41:50 GMT","SDATE":"Thu, 25 Oct 2018 00:00:00 GMT","SOURCE":"Parking Enforcement","SACC":null,"COMMUTER":"Y","GLOBALID":"a2d92350-d1a4-4d7c-ac7e-ab4118b93b0f"}},{"type":"Feature","id":259,"geometry":{"type":"LineString","coordinates":[[-63.5843981342367,44.6496836905635],[-63.5843049951114,44.6495600501828],[-63.5842837783371,44.6495362033958],[-63.5842585291322,44.6495144355717],[-63.5842296453927,44.6494950897468],[-63.5841975822907,44.6494784707899],[-63.5841628451009,44.6494648405976],[-63.5841259812383,44.6494544139671],[-63.5840875716317,44.6494473552109],[-63.5840482215689,44.6494437755674],[-63.5832185708101,44.6493890300891],[-63.5808857807646,44.649242168057],[-63.580752259738,44.6492291913628],[-63.5806192125609,44.6492139491654],[-63.5804867151715,44.6491964501628],[-63.580354843194,44.6491767043406],[-63.580312652078,44.6491705836813],[-63.5802697475838,44.6491679878969],[-63.5802404748438,44.6491682557143],[-63.5802113230518,44.6491701657305],[-63.580182473949,44.6491737060377],[-63.5801541073891,44.6491788545644],[-63.5801264002177,44.6491855792126],[-63.5800995251695,44.6491938380584],[-63.5800736497916,44.649203579613],[-63.5800489353987,44.649214743144]]},"properties":{"OBJECTID":259,"PPID":"PP303","TYPE":"P","ADDDATE":"Fri, 08 Feb 2019 21:35:52 GMT","MODDATE":"Mon, 13 May 2024 15:41:50 GMT","SDATE":"Thu, 25 Oct 2018 00:00:00 GMT","SOURCE":"Parking Enforcement","SACC":"DG","COMMUTER":"Y","GLOBALID":"1e7f8781-72dd-4757-91a3-73f022697535"}},{"type":"Feature","id":260,"geometry":{"type":"LineString","coordinates":[[-63.5870269946268,44.6302006450163],[-63.5868134552023,44.630448992541],[-63.5867825549532,44.630509614328],[-63.5867791943557,44.6305770367889],[-63.5868036554809,44.6306331648971]]},"properties":{"OBJECTID":260,"PPID":"PP664","TYPE":"P","ADDDATE":"Mon, 01 May 2023 13:11:09 GMT","MODDATE":"Mon, 13 May 2024 15:41:50 GMT","SDATE":"Mon, 01 May 2023 00:00:00 GMT","SOURCE":"Parking Enforcement","SACC":"IN","COMMUTER":"Y","GLOBALID":"7725f728-7475-4d51-a08a-9c021ae24306"}},{"type":"Feature","id":261,"geometry":{"type":"LineString","coordinates":[[-63.5782431671674,44.6330354709467],[-63.5781232465686,44.6335933639739]]},"properties":{"OBJECTID":261,"PPID":"PP759","TYPE":"P","ADDDATE":"Tue, 09 Jan 2024 13:15:47 GMT","MODDATE":"Mon, 13 May 2024 15:41:50 GMT","SDATE":"Tue, 09 Jan 2024 00:00:00 GMT","SOURCE":"Parking Enforcement","SACC":"IN","COMMUTER":"Y","GLOBALID":"221bd7e0-c10f-4378-a3a6-51fd0ab6d4d5"}},{"type":"Feature","id":262,"geometry":{"type":"LineString","coordinates":[[-63.5848320762145,44.6508743197452],[-63.5853211433096,44.6512015506816]]},"properties":{"OBJECTID":262,"PPID":"PP559","TYPE":"P","ADDDATE":"Wed, 01 Dec 2021 19:46:04 GMT","MODDATE":"Mon, 13 May 2024 15:41:50 GMT","SDATE":"Wed, 01 Dec 2021 15:47:44 GMT","SOURCE":"Parking Enforcement","SACC":"PH","COMMUTER":"Y","GLOBALID":"7da25eb4-30ed-4500-8605-605e29a5aedb"}},{"type":"Feature","id":263,"geometry":{"type":"LineString","coordinates":[[-63.5873437657488,44.6318910479319],[-63.5869772665877,44.6319029236996],[-63.5865854538001,44.6319129519676],[-63.586433393277,44.6319133809194],[-63.5863296037257,44.6319207753834]]},"properties":{"OBJECTID":263,"PPID":"PP663","TYPE":"P","ADDDATE":"Mon, 01 May 2023 13:10:04 GMT","MODDATE":"Mon, 13 May 2024 15:41:50 GMT","SDATE":"Mon, 01 May 2023 00:00:00 GMT","SOURCE":"Parking Enforcement","SACC":"IN","COMMUTER":"Y","GLOBALID":"0158d4d0-4029-4b41-98a2-dee911739be0"}},{"type":"Feature","id":264,"geometry":{"type":"LineString","coordinates":[[-63.5920547350163,44.6437286402554],[-63.5925274617565,44.6435996023955]]},"properties":{"OBJECTID":264,"PPID":"PP698","TYPE":"P","ADDDATE":"Wed, 16 Aug 2023 10:58:19 GMT","MODDATE":"Mon, 13 May 2024 15:41:50 GMT","SDATE":"Tue, 15 Aug 2023 00:00:00 GMT","SOURCE":"Parking Enforcement","SACC":"IN","COMMUTER":"Y","GLOBALID":"5bd17cac-852c-46b6-8d6b-3d5599477440"}},{"type":"Feature","id":265,"geometry":{"type":"LineString","coordinates":[[-63.5923937574079,44.6451547990919],[-63.5917673280243,44.6453145792395]]},"properties":{"OBJECTID":265,"PPID":"PP345","TYPE":"P","ADDDATE":"Mon, 02 Nov 2020 17:50:50 GMT","MODDATE":"Mon, 13 May 2024 15:41:50 GMT","SDATE":"Mon, 02 Nov 2020 00:00:00 GMT","SOURCE":"Parking Enforcement","SACC":"DG","COMMUTER":"Y","GLOBALID":"f1cad910-c1e6-4781-9f09-6c742facf2d2"}},{"type":"Feature","id":266,"geometry":{"type":"LineString","coordinates":[[-63.5910608758169,44.652829469814],[-63.5919938984103,44.6534764515191]]},"properties":{"OBJECTID":266,"PPID":"PP598","TYPE":"P","ADDDATE":"Mon, 14 Nov 2022 15:08:44 GMT","MODDATE":"Mon, 13 May 2024 15:41:50 GMT","SDATE":"Mon, 14 Nov 2022 00:00:00 GMT","SOURCE":"Parking Enforcement","SACC":"PH","COMMUTER":"Y","GLOBALID":"e6978b06-6696-4f72-aa02-26d2c3b05bb7"}},{"type":"Feature","id":267,"geometry":{"type":"LineString","coordinates":[[-63.5784605801274,44.6363312950057],[-63.5782224187793,44.6355623676153]]},"properties":{"OBJECTID":267,"PPID":"PP585","TYPE":"P","ADDDATE":"Thu, 28 Jul 2022 12:14:25 GMT","MODDATE":"Mon, 13 May 2024 15:41:50 GMT","SDATE":"Thu, 28 Jul 2022 00:00:00 GMT","SOURCE":"Parking Enforcement","SACC":"PH","COMMUTER":"Y","GLOBALID":"e55049a7-ba6b-4576-847f-e2129d03d860"}},{"type":"Feature","id":268,"geometry":{"type":"LineString","coordinates":[[-63.5865383317735,44.6330652118758],[-63.5859988233768,44.6332247331779]]},"properties":{"OBJECTID":268,"PPID":"PP785","TYPE":"P","ADDDATE":"Mon, 16 Dec 2024 12:26:18 GMT","MODDATE":"Mon, 16 Dec 2024 12:27:29 GMT","SDATE":"Mon, 16 Dec 2024 00:00:00 GMT","SOURCE":"Parking Enforcement","SACC":"IN","COMMUTER":"Y","GLOBALID":"8c50c018-2e3b-4cb0-ba5b-3ca1acb67ffa"}},{"type":"Feature","id":269,"geometry":{"type":"LineString","coordinates":[[-63.5847552208503,44.635971732428],[-63.5845866070715,44.6356260101834]]},"properties":{"OBJECTID":269,"PPID":"PP533","TYPE":"P","ADDDATE":"Wed, 15 Sep 2021 17:01:41 GMT","MODDATE":"Mon, 13 May 2024 15:41:50 GMT","SDATE":"Wed, 15 Sep 2021 14:02:00 GMT","SOURCE":"Parking Enforcement","SACC":"PH","COMMUTER":"Y","GLOBALID":"cee4632d-1375-46ce-8c3e-60fab30cf94f"}},{"type":"Feature","id":270,"geometry":{"type":"LineString","coordinates":[[-63.5904879752445,44.6557475811476],[-63.5879921589411,44.6540370651741]]},"properties":{"OBJECTID":270,"PPID":"PP680","TYPE":"P","ADDDATE":"Tue, 27 Jun 2023 17:01:14 GMT","MODDATE":"Tue, 20 Aug 2024 11:32:58 GMT","SDATE":"Thu, 25 Oct 2018 00:00:00 GMT","SOURCE":"Parking Enforcement","SACC":null,"COMMUTER":"Y","GLOBALID":"9368f0ae-0430-4a67-9e35-6047b42c0bcb"}},{"type":"Feature","id":271,"geometry":{"type":"LineString","coordinates":[[-63.5833663373862,44.6467794699891],[-63.583166170283,44.6463723090349]]},"properties":{"OBJECTID":271,"PPID":"PP552","TYPE":"P","ADDDATE":"Mon, 22 Nov 2021 15:26:35 GMT","MODDATE":"Mon, 13 May 2024 15:41:50 GMT","SDATE":"Mon, 22 Nov 2021 11:27:02 GMT","SOURCE":"Parking Enforcement","SACC":"PH","COMMUTER":"Y","GLOBALID":"36ec8180-fab0-4f06-9c80-f2c123eeeaa6"}},{"type":"Feature","id":272,"geometry":{"type":"LineString","coordinates":[[-63.5938618102964,44.6448217409646],[-63.5932554079537,44.6449732370063]]},"properties":{"OBJECTID":272,"PPID":"PP344","TYPE":"P","ADDDATE":"Mon, 02 Nov 2020 17:48:42 GMT","MODDATE":"Mon, 13 May 2024 15:41:50 GMT","SDATE":"Mon, 02 Nov 2020 00:00:00 GMT","SOURCE":"Parking Enforcement","SACC":"DG","COMMUTER":"Y","GLOBALID":"f8c6b85b-9a21-47c0-ad43-236845c66a28"}},{"type":"Feature","id":273,"geometry":{"type":"LineString","coordinates":[[-63.6024729959313,44.6637720152876],[-63.6019430653721,44.6641836114865]]},"properties":{"OBJECTID":273,"PPID":"PP734","TYPE":"P","ADDDATE":"Fri, 20 Oct 2023 11:27:35 GMT","MODDATE":"Mon, 13 May 2024 15:41:50 GMT","SDATE":"Thu, 19 Oct 2023 00:00:00 GMT","SOURCE":"Parking Enforcement","SACC":"IN","COMMUTER":"Y","GLOBALID":"01c37078-a13b-4c12-bf0c-1df57ed97720"}},{"type":"Feature","id":274,"geometry":{"type":"LineString","coordinates":[[-63.5898562529872,44.6417997515197],[-63.5895883502167,44.6418709210587]]},"properties":{"OBJECTID":274,"PPID":"PP634","TYPE":"P","ADDDATE":"Wed, 08 Mar 2023 13:10:47 GMT","MODDATE":"Mon, 13 May 2024 15:41:50 GMT","SDATE":"Wed, 08 Mar 2023 00:00:00 GMT","SOURCE":"Parking Enforcement","SACC":"IN","COMMUTER":"Y","GLOBALID":"7e32db5d-9e17-445d-9536-4cf5820d9e00"}},{"type":"Feature","id":275,"geometry":{"type":"LineString","coordinates":[[-63.5804007201555,44.6365687367533],[-63.5805517583958,44.6368887178453]]},"properties":{"OBJECTID":275,"PPID":"PP688","TYPE":"P","ADDDATE":"Wed, 26 Jul 2023 14:52:53 GMT","MODDATE":"Mon, 13 May 2024 15:41:50 GMT","SDATE":"Wed, 26 Jul 2023 00:00:00 GMT","SOURCE":"Parking Enforcement","SACC":"IN","COMMUTER":"Y","GLOBALID":"72050161-814c-4b60-a91f-8e2856d8d1dc"}},{"type":"Feature","id":276,"geometry":{"type":"LineString","coordinates":[[-63.5950273025123,44.6589252070723],[-63.5936208794422,44.657959364263]]},"properties":{"OBJECTID":276,"PPID":"PP212","TYPE":"P","ADDDATE":"Fri, 08 Feb 2019 21:35:52 GMT","MODDATE":"Mon, 13 May 2024 15:41:50 GMT","SDATE":"Thu, 25 Oct 2018 00:00:00 GMT","SOURCE":"Parking Enforcement","SACC":"DG","COMMUTER":"Y","GLOBALID":"c8637f32-59e9-424c-b200-840573771fdb"}},{"type":"Feature","id":277,"geometry":{"type":"LineString","coordinates":[[-63.5446408449384,44.6557780849145],[-63.5442275498392,44.6554003447028]]},"properties":{"OBJECTID":277,"PPID":"PP577","TYPE":"P","ADDDATE":"Wed, 20 Apr 2022 18:28:07 GMT","MODDATE":"Mon, 13 May 2024 15:41:50 GMT","SDATE":"Wed, 20 Apr 2022 00:00:00 GMT","SOURCE":"Parking Enforcement","SACC":"PH","COMMUTER":"Y","GLOBALID":"f86a3f0e-0f7f-4625-98c5-3dd41d8e6289"}},{"type":"Feature","id":278,"geometry":{"type":"LineString","coordinates":[[-63.5768446645432,44.6290610069105],[-63.5737083135097,44.6299247294233]]},"properties":{"OBJECTID":278,"PPID":"PP651","TYPE":"P","ADDDATE":"Tue, 28 Mar 2023 13:22:48 GMT","MODDATE":"Mon, 13 May 2024 15:41:50 GMT","SDATE":"Tue, 28 Mar 2023 00:00:00 GMT","SOURCE":"Parking Enforcement","SACC":"IN","COMMUTER":"Y","GLOBALID":"993808d7-2170-4f14-8bc5-044bd7a8bf68"}},{"type":"Feature","id":279,"geometry":{"type":"LineString","coordinates":[[-63.5948449921204,44.639459566789],[-63.5947010487742,44.6391696380951]]},"properties":{"OBJECTID":279,"PPID":"PP522","TYPE":"P","ADDDATE":"Fri, 13 Aug 2021 16:07:11 GMT","MODDATE":"Mon, 13 May 2024 15:41:50 GMT","SDATE":"Fri, 13 Aug 2021 13:07:38 GMT","SOURCE":"Parking Enforcement","SACC":"PH","COMMUTER":"Y","GLOBALID":"29b6198b-cace-4f8f-8d23-41332856f3ea"}},{"type":"Feature","id":280,"geometry":{"type":"LineString","coordinates":[[-63.5820200035238,44.6531477303997],[-63.5808641214848,44.6523566643395]]},"properties":{"OBJECTID":280,"PPID":"PP563","TYPE":"P","ADDDATE":"Thu, 09 Dec 2021 15:23:28 GMT","MODDATE":"Mon, 13 May 2024 15:41:50 GMT","SDATE":"Thu, 09 Dec 2021 11:23:42 GMT","SOURCE":"Parking Enforcement","SACC":"PH","COMMUTER":"Y","GLOBALID":"d18aa896-7381-48ca-bb38-75e4605acd06"}},{"type":"Feature","id":281,"geometry":{"type":"LineString","coordinates":[[-63.5930517778451,44.6329990433381],[-63.5932137683454,44.6333819949101]]},"properties":{"OBJECTID":281,"PPID":"PP488","TYPE":"P","ADDDATE":"Tue, 13 Apr 2021 18:15:12 GMT","MODDATE":"Mon, 13 May 2024 15:41:50 GMT","SDATE":"Tue, 13 Apr 2021 15:34:02 GMT","SOURCE":"Parking Enforcement","SACC":"PH","COMMUTER":"Y","GLOBALID":"8fca1ac9-9ac5-4d0e-bf1d-a62f4f175e6b"}},{"type":"Feature","id":282,"geometry":{"type":"LineString","coordinates":[[-63.5825759349205,44.630641989608],[-63.5827868054503,44.6305934293883]]},"properties":{"OBJECTID":282,"PPID":"PP605","TYPE":"P","ADDDATE":"Thu, 08 Dec 2022 19:12:26 GMT","MODDATE":"Mon, 13 May 2024 15:41:50 GMT","SDATE":"Thu, 08 Dec 2022 00:00:00 GMT","SOURCE":"Parking Enforcement","SACC":"PH","COMMUTER":"Y","GLOBALID":"dbb4c812-d1f8-4a99-9286-96805e9af598"}},{"type":"Feature","id":283,"geometry":{"type":"LineString","coordinates":[[-63.5761234781685,44.6280317108782],[-63.5730950139023,44.6288808565535]]},"properties":{"OBJECTID":283,"PPID":"PP625","TYPE":"P","ADDDATE":"Fri, 10 Feb 2023 19:23:58 GMT","MODDATE":"Mon, 13 May 2024 15:41:50 GMT","SDATE":"Fri, 10 Feb 2023 00:00:00 GMT","SOURCE":"Parking Enforcement","SACC":"PH","COMMUTER":"Y","GLOBALID":"6bf0c986-6748-427d-9f3b-6636ef89dc0d"}},{"type":"Feature","id":284,"geometry":{"type":"LineString","coordinates":[[-63.6023466514798,44.6635978335425],[-63.6017551647641,44.6640523356386]]},"properties":{"OBJECTID":284,"PPID":"PP733","TYPE":"P","ADDDATE":"Fri, 20 Oct 2023 11:26:30 GMT","MODDATE":"Mon, 13 May 2024 15:41:50 GMT","SDATE":"Thu, 19 Oct 2023 00:00:00 GMT","SOURCE":"Parking Enforcement","SACC":"IN","COMMUTER":"Y","GLOBALID":"5ab41010-bafe-4bd9-8507-e43a9bafa5c9"}},{"type":"Feature","id":285,"geometry":{"type":"LineString","coordinates":[[-63.5449290496344,44.6560503259786],[-63.5447753496859,44.6559045505137]]},"properties":{"OBJECTID":285,"PPID":"PP576","TYPE":"P","ADDDATE":"Wed, 20 Apr 2022 18:28:07 GMT","MODDATE":"Mon, 13 May 2024 15:41:50 GMT","SDATE":"Wed, 20 Apr 2022 00:00:00 GMT","SOURCE":"Parking Enforcement","SACC":"PH","COMMUTER":"Y","GLOBALID":"b31576da-2faf-43a7-8f17-6f746f507b31"}},{"type":"Feature","id":286,"geometry":{"type":"LineString","coordinates":[[-63.5766496205321,44.6336981267343],[-63.5758922230683,44.6323212787823]]},"properties":{"OBJECTID":286,"PPID":"PP582","TYPE":"P","ADDDATE":"Thu, 28 Jul 2022 11:43:26 GMT","MODDATE":"Mon, 13 May 2024 15:41:50 GMT","SDATE":"Thu, 28 Jul 2022 00:00:00 GMT","SOURCE":"Parking Enforcement","SACC":"PH","COMMUTER":"Y","GLOBALID":"779d0d18-c1c7-41f2-82cd-46263bf70a5c"}},{"type":"Feature","id":287,"geometry":{"type":"LineString","coordinates":[[-63.5914118269372,44.6522290528574],[-63.5908785025429,44.6525973443646]]},"properties":{"OBJECTID":287,"PPID":"PP671","TYPE":"P","ADDDATE":"Tue, 02 May 2023 10:54:56 GMT","MODDATE":"Mon, 13 May 2024 15:41:50 GMT","SDATE":"Tue, 02 May 2023 00:00:00 GMT","SOURCE":"Parking Enforcement","SACC":"DG","COMMUTER":"Y","GLOBALID":"174d948b-9788-46c6-8b59-50a16d2beba9"}},{"type":"Feature","id":288,"geometry":{"type":"LineString","coordinates":[[-63.5903626647539,44.6539180235877],[-63.5907173896967,44.654168402041]]},"properties":{"OBJECTID":288,"PPID":"PP182","TYPE":"P","ADDDATE":"Fri, 08 Feb 2019 21:35:52 GMT","MODDATE":"Mon, 13 May 2024 15:41:50 GMT","SDATE":"Thu, 25 Oct 2018 00:00:00 GMT","SOURCE":"Parking Enforcement","SACC":"DG","COMMUTER":"Y","GLOBALID":"411d0d3e-18d1-45ee-a604-9e7ba0cb8127"}},{"type":"Feature","id":289,"geometry":{"type":"LineString","coordinates":[[-63.6033382361449,44.6710080542386],[-63.6037411574993,44.6707060180496]]},"properties":{"OBJECTID":289,"PPID":"PP495","TYPE":"P","ADDDATE":"Wed, 26 May 2021 18:02:34 GMT","MODDATE":"Mon, 13 May 2024 15:41:50 GMT","SDATE":"Wed, 26 May 2021 15:13:43 GMT","SOURCE":"Parking Enforcement","SACC":"PH","COMMUTER":"Y","GLOBALID":"ca3890db-a752-4f21-9aff-e15c158b87c4"}},{"type":"Feature","id":290,"geometry":{"type":"LineString","coordinates":[[-63.5781127434662,44.6354023221745],[-63.5773005038543,44.6356067558864]]},"properties":{"OBJECTID":290,"PPID":"PP620","TYPE":"P","ADDDATE":"Fri, 10 Feb 2023 19:21:51 GMT","MODDATE":"Mon, 13 May 2024 15:41:50 GMT","SDATE":"Fri, 10 Feb 2023 00:00:00 GMT","SOURCE":"Parking Enforcement","SACC":"PH","COMMUTER":"Y","GLOBALID":"bac06775-8019-43fd-bc86-cff4169e1acf"}},{"type":"Feature","id":291,"geometry":{"type":"LineString","coordinates":[[-63.574089355497,44.6311744009107],[-63.5742199813191,44.631421525166]]},"properties":{"OBJECTID":291,"PPID":"PP713","TYPE":"P","ADDDATE":"Mon, 11 Sep 2023 11:44:21 GMT","MODDATE":"Mon, 13 May 2024 15:41:50 GMT","SDATE":"Fri, 08 Sep 2023 00:00:00 GMT","SOURCE":"Parking Enforcement","SACC":"IN","COMMUTER":"Y","GLOBALID":"454a1333-1e6d-400f-be1d-f7b317772e8b"}},{"type":"Feature","id":292,"geometry":{"type":"LineString","coordinates":[[-63.5863925271181,44.6322863683484],[-63.5866745037942,44.6329670240496]]},"properties":{"OBJECTID":292,"PPID":"PP701","TYPE":"P","ADDDATE":"Thu, 24 Aug 2023 10:55:58 GMT","MODDATE":"Mon, 13 May 2024 15:41:50 GMT","SDATE":"Wed, 23 Aug 2023 00:00:00 GMT","SOURCE":"Parking Enforcement","SACC":"IN","COMMUTER":"Y","GLOBALID":"33449249-74fd-4f59-a2f7-bdefeb29f1b8"}},{"type":"Feature","id":293,"geometry":{"type":"LineString","coordinates":[[-63.5836808097194,44.647170648561],[-63.5834012243585,44.6466138409027]]},"properties":{"OBJECTID":293,"PPID":"PP550","TYPE":"P","ADDDATE":"Mon, 22 Nov 2021 15:25:00 GMT","MODDATE":"Mon, 13 May 2024 15:41:50 GMT","SDATE":"Mon, 22 Nov 2021 11:27:02 GMT","SOURCE":"Parking Enforcement","SACC":"PH","COMMUTER":"Y","GLOBALID":"b1880736-10e4-4a38-a4f1-dada227c17e7"}},{"type":"Feature","id":294,"geometry":{"type":"LineString","coordinates":[[-63.5758031694809,44.6407628016647],[-63.5761069913881,44.641363539295]]},"properties":{"OBJECTID":294,"PPID":"PP116","TYPE":"P","ADDDATE":"Fri, 08 Feb 2019 21:35:52 GMT","MODDATE":"Mon, 13 May 2024 15:24:57 GMT","SDATE":"Thu, 25 Oct 2018 00:00:00 GMT","SOURCE":"Parking Enforcement","SACC":"DG","COMMUTER":"N","GLOBALID":"71f250c3-95cf-42c0-964d-2ed7b32a7fa0"}},{"type":"Feature","id":295,"geometry":{"type":"LineString","coordinates":[[-63.5957061467961,44.6584921868967],[-63.5952731857786,44.6588100892492]]},"properties":{"OBJECTID":295,"PPID":"PP609","TYPE":"P","ADDDATE":"Tue, 10 Jan 2023 14:51:41 GMT","MODDATE":"Mon, 13 May 2024 15:41:50 GMT","SDATE":"Tue, 10 Jan 2023 10:52:58 GMT","SOURCE":"Parking Enforcement","SACC":"PH","COMMUTER":"Y","GLOBALID":"880a05ed-e5bb-43d5-92c6-192c9b652912"}},{"type":"Feature","id":296,"geometry":{"type":"LineString","coordinates":[[-63.5974856150508,44.6662560087372],[-63.5969814733269,44.6665775204184]]},"properties":{"OBJECTID":296,"PPID":"PP594","TYPE":"P","ADDDATE":"Tue, 25 Oct 2022 14:55:39 GMT","MODDATE":"Mon, 13 May 2024 15:41:50 GMT","SDATE":"Tue, 25 Oct 2022 00:00:00 GMT","SOURCE":"Parking Enforcement","SACC":"PH","COMMUTER":"Y","GLOBALID":"40c8c604-65c0-4362-aa45-abbf6385a2b4"}},{"type":"Feature","id":297,"geometry":{"type":"LineString","coordinates":[[-63.6019906554209,44.6630606568834],[-63.6014579724237,44.6634587052597]]},"properties":{"OBJECTID":297,"PPID":"PP721","TYPE":"P","ADDDATE":"Wed, 20 Sep 2023 18:05:48 GMT","MODDATE":"Mon, 13 May 2024 15:41:50 GMT","SDATE":"Wed, 20 Sep 2023 00:00:00 GMT","SOURCE":"Parking Enforcement","SACC":"IN","COMMUTER":"Y","GLOBALID":"041c538a-37c9-4cc1-9d23-9d93d5db3dec"}},{"type":"Feature","id":298,"geometry":{"type":"LineString","coordinates":[[-63.5975671605191,44.6602710251998],[-63.5970178416212,44.6606709226983]]},"properties":{"OBJECTID":298,"PPID":"PP795","TYPE":"P","ADDDATE":"Fri, 22 Aug 2025 13:15:41 GMT","MODDATE":"Fri, 22 Aug 2025 13:19:10 GMT","SDATE":"Fri, 22 Aug 2025 00:00:00 GMT","SOURCE":"Parking Enforcement","SACC":"IN","COMMUTER":"Y","GLOBALID":"a87f7811-3704-46b5-a4f6-67f18875c932"}},{"type":"Feature","id":299,"geometry":{"type":"LineString","coordinates":[[-63.5940751970073,44.6447664069583],[-63.5945449260694,44.6446406380117]]},"properties":{"OBJECTID":299,"PPID":"PP343","TYPE":"P","ADDDATE":"Mon, 02 Nov 2020 17:46:43 GMT","MODDATE":"Mon, 13 May 2024 15:41:50 GMT","SDATE":"Mon, 02 Nov 2020 00:00:00 GMT","SOURCE":"Parking Enforcement","SACC":"DG","COMMUTER":"Y","GLOBALID":"75f38107-80dc-406b-a38d-a7e0ebd89215"}},{"type":"Feature","id":300,"geometry":{"type":"LineString","coordinates":[[-63.5902838564523,44.6531515671869],[-63.5905452814714,44.6533342104851]]},"properties":{"OBJECTID":300,"PPID":"PP105","TYPE":"P","ADDDATE":"Fri, 08 Feb 2019 21:35:52 GMT","MODDATE":"Mon, 13 May 2024 15:28:24 GMT","SDATE":"Thu, 25 Oct 2018 00:00:00 GMT","SOURCE":"Parking Enforcement","SACC":"DG","COMMUTER":"N","GLOBALID":"51ee4923-de38-4ec3-ad58-b3e6de7ff4ba"}},{"type":"Feature","id":301,"geometry":{"type":"LineString","coordinates":[[-63.5881320374107,44.6306041067587],[-63.5871432267431,44.6301762854547]]},"properties":{"OBJECTID":301,"PPID":"PP727","TYPE":"P","ADDDATE":"Thu, 05 Oct 2023 11:26:25 GMT","MODDATE":"Mon, 13 May 2024 15:41:50 GMT","SDATE":"Wed, 04 Oct 2023 00:00:00 GMT","SOURCE":"Parking Enforcement","SACC":"IN","COMMUTER":"Y","GLOBALID":"8bd2ed46-39df-4e12-8b4c-32cbea11bb69"}},{"type":"Feature","id":302,"geometry":{"type":"LineString","coordinates":[[-63.5951450285269,44.6578300232312],[-63.595837279268,44.6573412134313]]},"properties":{"OBJECTID":302,"PPID":"PP315","TYPE":"P","ADDDATE":"Mon, 09 Sep 2019 18:43:25 GMT","MODDATE":"Mon, 13 May 2024 15:41:50 GMT","SDATE":"Mon, 09 Sep 2019 00:00:00 GMT","SOURCE":"Parking Enforcement","SACC":"DG","COMMUTER":"Y","GLOBALID":"0c1762d7-56aa-43e7-99ba-b04a671b8c2c"}},{"type":"Feature","id":303,"geometry":{"type":"LineString","coordinates":[[-63.583888104056,44.6288577884757],[-63.5844223519184,44.6300981377591]]},"properties":{"OBJECTID":303,"PPID":"PP616","TYPE":"P","ADDDATE":"Mon, 06 Feb 2023 12:43:54 GMT","MODDATE":"Mon, 13 May 2024 15:41:50 GMT","SDATE":"Mon, 06 Feb 2023 00:00:00 GMT","SOURCE":"Parking Enforcement","SACC":"PH","COMMUTER":"Y","GLOBALID":"fca5d200-1f50-4de3-b4f2-ebd1e11c809c"}},{"type":"Feature","id":304,"geometry":{"type":"LineString","coordinates":[[-63.5937025533696,44.6570270315659],[-63.5928488592022,44.6564496123071]]},"properties":{"OBJECTID":304,"PPID":"PP629","TYPE":"P","ADDDATE":"Tue, 14 Feb 2023 18:55:43 GMT","MODDATE":"Mon, 13 May 2024 15:41:50 GMT","SDATE":"Tue, 14 Feb 2023 00:00:00 GMT","SOURCE":"Parking Enforcement","SACC":"IN","COMMUTER":"Y","GLOBALID":"c3a86b2c-9c19-42e9-b8ea-970b1a88de58"}},{"type":"Feature","id":305,"geometry":{"type":"LineString","coordinates":[[-63.5764383879812,44.630639215744],[-63.5762746834954,44.6303165273202]]},"properties":{"OBJECTID":305,"PPID":"PP604","TYPE":"P","ADDDATE":"Thu, 08 Dec 2022 19:10:36 GMT","MODDATE":"Mon, 13 May 2024 15:41:50 GMT","SDATE":"Thu, 08 Dec 2022 00:00:00 GMT","SOURCE":"Parking Enforcement","SACC":"PH","COMMUTER":"Y","GLOBALID":"3651d8d2-c929-4f17-b674-4c69d128f27b"}},{"type":"Feature","id":306,"geometry":{"type":"LineString","coordinates":[[-63.573304428263,44.6329006879134],[-63.5727447625696,44.6330437372184]]},"properties":{"OBJECTID":306,"PPID":"PP788","TYPE":"P","ADDDATE":"Mon, 16 Dec 2024 12:33:31 GMT","MODDATE":"Mon, 16 Dec 2024 12:34:33 GMT","SDATE":"Fri, 13 Dec 2024 00:00:00 GMT","SOURCE":"Parking Enforcement","SACC":"IN","COMMUTER":"Y","GLOBALID":"99a8b1f6-277a-4f3d-8c25-9d3436b3d8f1"}},{"type":"Feature","id":307,"geometry":{"type":"LineString","coordinates":[[-63.5906123299276,44.6509700034586],[-63.5897035609485,44.6511342013915]]},"properties":{"OBJECTID":307,"PPID":"PP581","TYPE":"P","ADDDATE":"Thu, 28 Jul 2022 11:43:26 GMT","MODDATE":"Mon, 13 May 2024 15:41:50 GMT","SDATE":"Thu, 28 Jul 2022 00:00:00 GMT","SOURCE":"Parking Enforcement","SACC":"PH","COMMUTER":"Y","GLOBALID":"9a999a4d-e4d6-4123-a609-4e67218a5783"}},{"type":"Feature","id":308,"geometry":{"type":"LineString","coordinates":[[-63.5958196237794,44.6585439288874],[-63.5967587207808,44.657850902764]]},"properties":{"OBJECTID":308,"PPID":"PP119","TYPE":"P","ADDDATE":"Fri, 08 Feb 2019 21:35:52 GMT","MODDATE":"Mon, 13 May 2024 15:41:50 GMT","SDATE":"Thu, 25 Oct 2018 00:00:00 GMT","SOURCE":"Parking Enforcement","SACC":"DG","COMMUTER":"Y","GLOBALID":"f9fc8d5e-20dc-46fe-a3e6-368fa52b2537"}},{"type":"Feature","id":309,"geometry":{"type":"LineString","coordinates":[[-63.5798008665313,44.629849678135],[-63.5800285858626,44.6298200404026]]},"properties":{"OBJECTID":309,"PPID":"PP569","TYPE":"P","ADDDATE":"Thu, 13 Jan 2022 12:32:28 GMT","MODDATE":"Mon, 13 May 2024 15:41:50 GMT","SDATE":"Thu, 13 Jan 2022 08:32:56 GMT","SOURCE":"Parking Enforcement","SACC":"PH","COMMUTER":"Y","GLOBALID":"90bc63ba-e184-487d-9af6-ec3e4ef12d92"}},{"type":"Feature","id":310,"geometry":{"type":"LineString","coordinates":[[-63.5847820445447,44.6397828077668],[-63.5851317389219,44.6396869598644]]},"properties":{"OBJECTID":310,"PPID":"PP504","TYPE":"P","ADDDATE":"Wed, 14 Jul 2021 19:37:23 GMT","MODDATE":"Mon, 13 May 2024 15:24:57 GMT","SDATE":"Wed, 14 Jul 2021 16:37:43 GMT","SOURCE":"Parking Enforcement","SACC":"PH","COMMUTER":"N","GLOBALID":"8ca314af-4f13-47d0-84c9-24b7768e4bb5"}},{"type":"Feature","id":311,"geometry":{"type":"LineString","coordinates":[[-63.6031922042157,44.669170228996],[-63.6027951183174,44.6689057299679]]},"properties":{"OBJECTID":311,"PPID":"PP547","TYPE":"P","ADDDATE":"Thu, 18 Nov 2021 12:45:37 GMT","MODDATE":"Mon, 13 May 2024 15:04:44 GMT","SDATE":"Thu, 18 Nov 2021 08:47:41 GMT","SOURCE":"Parking Enforcement","SACC":"PH","COMMUTER":"N","GLOBALID":"8185577c-1ab5-439c-ae85-0d297d4decb1"}},{"type":"Feature","id":312,"geometry":{"type":"LineString","coordinates":[[-63.5897624652783,44.6432248782542],[-63.5889004194738,44.6434486441227]]},"properties":{"OBJECTID":312,"PPID":"PP674","TYPE":"P","ADDDATE":"Fri, 09 Jun 2023 15:00:17 GMT","MODDATE":"Mon, 13 May 2024 15:11:27 GMT","SDATE":"Fri, 09 Jun 2023 00:00:00 GMT","SOURCE":"Parking Enforcement","SACC":"IN","COMMUTER":"N","GLOBALID":"c5f4c5a7-1419-4b39-9bc5-c517cd70edd9"}},{"type":"Feature","id":313,"geometry":{"type":"LineString","coordinates":[[-63.5752140525209,44.6362047196083],[-63.5757096045541,44.6360827508405]]},"properties":{"OBJECTID":313,"PPID":"PP711","TYPE":"P","ADDDATE":"Fri, 01 Sep 2023 17:05:38 GMT","MODDATE":"Mon, 13 May 2024 15:41:50 GMT","SDATE":"Fri, 01 Sep 2023 00:00:00 GMT","SOURCE":"Parking Enforcement","SACC":"IN","COMMUTER":"Y","GLOBALID":"b5ad4f50-6812-4845-bb23-c46068843a29"}},{"type":"Feature","id":314,"geometry":{"type":"LineString","coordinates":[[-63.5857245605341,44.6515752436233],[-63.5862818618616,44.6519498997644]]},"properties":{"OBJECTID":314,"PPID":"PP560","TYPE":"P","ADDDATE":"Wed, 01 Dec 2021 19:51:08 GMT","MODDATE":"Mon, 13 May 2024 15:41:50 GMT","SDATE":"Thu, 25 Oct 2018 00:00:00 GMT","SOURCE":"Parking Enforcement","SACC":"PH","COMMUTER":"Y","GLOBALID":"06efef38-fcc6-4965-84ba-cd8f1ce086ae"}},{"type":"Feature","id":315,"geometry":{"type":"LineString","coordinates":[[-63.6081447232766,44.6553552379867],[-63.6085089523951,44.6550912203662]]},"properties":{"OBJECTID":315,"PPID":"PP493","TYPE":"P","ADDDATE":"Wed, 26 May 2021 17:47:08 GMT","MODDATE":"Mon, 13 May 2024 15:19:32 GMT","SDATE":"Wed, 26 May 2021 14:49:17 GMT","SOURCE":"Parking Enforcement","SACC":"PH","COMMUTER":"N","GLOBALID":"847badfe-b251-463a-85ab-63d1281602e3"}},{"type":"Feature","id":316,"geometry":{"type":"LineString","coordinates":[[-63.6034579689959,44.6697868948658],[-63.6035134363714,44.6700764731222],[-63.6035191180416,44.6701001985277],[-63.6035261146068,44.670123745569],[-63.6035344151204,44.670147077405],[-63.6035440065954,44.6701701575313],[-63.6035548740254,44.6701929498376],[-63.6035670004071,44.6702154186637],[-63.603580366768,44.6702375288557],[-63.6035949521953,44.6702592458207],[-63.6037218688735,44.6704922811976]]},"properties":{"OBJECTID":316,"PPID":"PP499","TYPE":"P","ADDDATE":"Tue, 01 Jun 2021 16:54:12 GMT","MODDATE":"Mon, 13 May 2024 15:41:50 GMT","SDATE":"Tue, 01 Jun 2021 13:54:29 GMT","SOURCE":"Parking Enforcement","SACC":"PH","COMMUTER":"Y","GLOBALID":"6aece405-657a-4920-964f-4d6926f5a388"}},{"type":"Feature","id":317,"geometry":{"type":"LineString","coordinates":[[-63.5879787336192,44.6338368994006],[-63.5893166287078,44.6335164821291]]},"properties":{"OBJECTID":317,"PPID":"PP509","TYPE":"P","ADDDATE":"Thu, 12 Aug 2021 12:11:02 GMT","MODDATE":"Mon, 13 May 2024 15:41:50 GMT","SDATE":"Thu, 12 Aug 2021 09:11:46 GMT","SOURCE":"Parking Enforcement","SACC":"PH","COMMUTER":"Y","GLOBALID":"a941905f-898a-4181-950b-92afa0e2404c"}},{"type":"Feature","id":318,"geometry":{"type":"LineString","coordinates":[[-63.5751440602856,44.6362957113242],[-63.5754402168684,44.636912505686]]},"properties":{"OBJECTID":318,"PPID":"PP623","TYPE":"P","ADDDATE":"Fri, 10 Feb 2023 19:23:58 GMT","MODDATE":"Mon, 13 May 2024 15:41:50 GMT","SDATE":"Fri, 10 Feb 2023 00:00:00 GMT","SOURCE":"Parking Enforcement","SACC":"PH","COMMUTER":"Y","GLOBALID":"ee2e86af-8201-42d4-ac5b-e401f680d6b6"}},{"type":"Feature","id":319,"geometry":{"type":"LineString","coordinates":[[-63.5867719386632,44.6341176188836],[-63.58775605743,44.6338875204078]]},"properties":{"OBJECTID":319,"PPID":"PP508","TYPE":"P","ADDDATE":"Thu, 12 Aug 2021 12:10:37 GMT","MODDATE":"Mon, 13 May 2024 15:41:50 GMT","SDATE":"Thu, 12 Aug 2021 09:11:46 GMT","SOURCE":"Parking Enforcement","SACC":"PH","COMMUTER":"Y","GLOBALID":"45ad783d-07ff-481b-ad56-aac4a800516a"}},{"type":"Feature","id":320,"geometry":{"type":"LineString","coordinates":[[-63.5996579884445,44.645474702156],[-63.5973775225693,44.6461384653634]]},"properties":{"OBJECTID":320,"PPID":"PP683","TYPE":"P","ADDDATE":"Tue, 11 Jul 2023 14:47:01 GMT","MODDATE":"Mon, 13 May 2024 15:41:50 GMT","SDATE":"Tue, 11 Jul 2023 00:00:00 GMT","SOURCE":"Parking Enforcement","SACC":"IN","COMMUTER":"Y","GLOBALID":"733a1869-f6d1-4e5e-ae68-bd40b0a09ee9"}},{"type":"Feature","id":321,"geometry":{"type":"LineString","coordinates":[[-63.5898417137543,44.634534650109],[-63.5894032236063,44.6335178379885]]},"properties":{"OBJECTID":321,"PPID":"PP614","TYPE":"P","ADDDATE":"Mon, 06 Feb 2023 12:43:54 GMT","MODDATE":"Mon, 13 May 2024 15:41:50 GMT","SDATE":"Mon, 06 Feb 2023 00:00:00 GMT","SOURCE":"Parking Enforcement","SACC":"PH","COMMUTER":"Y","GLOBALID":"ccb21147-70cd-4129-a3ae-e49f88a62dd1"}}]}