{"type":"FeatureCollection","crs":{"type":"name","properties":{"name":"EPSG:4326"}},"features":[{"type":"Feature","id":1,"geometry":{"type":"Polygon","coordinates":[[[-63.6023456184172,44.6596911494712],[-63.6023831581146,44.6596595231812],[-63.602479978536,44.6595783443149],[-63.602728610647,44.6593810288516],[-63.6030033073761,44.6591787459872],[-63.6040750648837,44.6583770132616],[-63.6046221802142,44.6579729337573],[-63.6060205112602,44.6569404443798],[-63.6060704716964,44.6569098279392],[-63.6061224653482,44.6568809752311],[-63.6061763692801,44.6568539544784],[-63.6062320560399,44.6568288295724],[-63.6062893939601,44.6568056599218],[-63.6063482474692,44.656784500312],[-63.6064084774121,44.6567654007756],[-63.6064699413792,44.6567484064743],[-63.6065324940431,44.6567335575917],[-63.6065959875024,44.6567208892388],[-63.6066602716312,44.6567104313704],[-63.606725194434,44.6567022087145],[-63.6067906024054,44.6566962407142],[-63.6068563408926,44.6566925414809],[-63.6069222544615,44.6566911197618],[-63.606988187264,44.6566919789185],[-63.6072046938239,44.6567053774576],[-63.6072489942422,44.6567060694938],[-63.607285734439,44.6567066433152],[-63.6073364016149,44.6567056187722],[-63.6073869756243,44.6567032058169],[-63.6074373813038,44.6566994080356],[-63.6074875437405,44.656694231072],[-63.6075373883828,44.6566876826199],[-63.6075868411517,44.6566797724111],[-63.6076358285503,44.6566705122012],[-63.6076842777734,44.6566599157521],[-63.6077321168158,44.6566479988116],[-63.6077792745789,44.6566347790898],[-63.6078256809769,44.656620276233],[-63.6078712670405,44.6566045117945],[-63.6079159650195,44.6565875092022],[-63.6079597084839,44.6565692937246],[-63.6080024324219,44.6565498924322],[-63.6080440733372,44.6565293341581],[-63.6080762168547,44.6565117117789],[-63.6081083567789,44.6564940913113],[-63.6085863090191,44.6561527541618],[-63.6087959380772,44.6560030433101],[-63.6104260254833,44.6548162826076],[-63.6105444324209,44.6547311145813],[-63.6127546778887,44.6534404374185],[-63.6150157320689,44.652213021042],[-63.6159418151768,44.6516781398303],[-63.6160046610348,44.6516510407233],[-63.6160694653934,44.6516263862966],[-63.6161360405215,44.6516042479745],[-63.6162041935585,44.651584689892],[-63.6162737270728,44.6515677687094],[-63.6163444396336,44.6515535334477],[-63.6164161263946,44.6515420253469],[-63.6164885796874,44.6515332777464],[-63.6165615896228,44.6515273159881],[-63.6166349446995,44.6515241573434],[-63.6167084324159,44.6515238109632],[-63.6167818398865,44.6515262778507],[-63.6168549544581,44.6515315508595],[-63.6169275643261,44.6515396147133],[-63.6169994591477,44.6515504460511],[-63.617070430652,44.651564013494],[-63.6171841474855,44.6506648017379],[-63.6171997515013,44.6506135665071],[-63.6172186536245,44.6505628964271],[-63.6172408137952,44.6505128988866],[-63.6172661850485,44.6504636798493],[-63.617294713614,44.6504153436288],[-63.6173263390303,44.6503679926685],[-63.6173609942722,44.6503217273235],[-63.6173986058936,44.6502766456484],[-63.6174390941828,44.6502328431894],[-63.6174823733314,44.6501904127818],[-63.6175283516163,44.650149444353],[-63.6175769315939,44.6501100247321],[-63.6176280103068,44.6500722374659],[-63.6176814795021,44.6500361626417],[-63.6177372258603,44.6500018767174],[-63.6177951312361,44.6499694523598],[-63.6225602275927,44.6472058779006],[-63.6221210843694,44.6458023604492],[-63.622091919341,44.6456678942365],[-63.6220558536362,44.6455342776446],[-63.6220129356237,44.6454016898761],[-63.6219632228618,44.6452703087552],[-63.6219067820213,44.6451403104886],[-63.6218436887962,44.6450118694298],[-63.6217740278023,44.6448851578448],[-63.6216978924634,44.6447603456811],[-63.6216153848864,44.6446376003399],[-63.6215266157239,44.6445170864513],[-63.6214317040261,44.6443989656535],[-63.6213307770814,44.6442833963759],[-63.6212239702449,44.6441705336268],[-63.6211114267576,44.6440605287851],[-63.6209932975542,44.6439535293973],[-63.6208697410601,44.6438496789797],[-63.6211547720082,44.6423777052473],[-63.6211770771767,44.6423912694394],[-63.6235989666237,44.643543853058],[-63.6283908615219,44.6459653778615],[-63.6287026955031,44.6461711522898],[-63.62910690055,44.6465649156945],[-63.6295097644122,44.6474363747686],[-63.6296000675562,44.6478891226914],[-63.6296256354058,44.6485398208512],[-63.6304018346085,44.6494277110282],[-63.6307321478334,44.6500017115047],[-63.6306626496715,44.6508561607512],[-63.6305895420787,44.6515469660345],[-63.6305635708855,44.6517916524508],[-63.6304683431772,44.6520626910041],[-63.6299461542992,44.6547832260869],[-63.6297030953361,44.6561142898579],[-63.6295864931139,44.6568427321139],[-63.6291310221121,44.6582392385943],[-63.628682311831,44.659813186176],[-63.628616728527,44.6599712659171],[-63.6286666281445,44.6599427566446],[-63.6277434807309,44.6609721313412],[-63.6276079150731,44.6611913196765],[-63.6276102641676,44.6615643776674],[-63.6275743162848,44.6621956162258],[-63.6269756637081,44.6625600306345],[-63.6262236444579,44.6625877552863],[-63.6262064093809,44.6625879182146],[-63.6261894132557,44.6625880798651],[-63.6261724333002,44.6625882415155],[-63.6261566310361,44.6625881501478],[-63.6261384123038,44.6625880460015],[-63.6261051926046,44.6625878549601],[-63.626087437403,44.6625877520916],[-63.6260704466677,44.6625876543347],[-63.626039858134,44.6625874792666],[-63.6260296604588,44.6625874198457],[-63.6260194645804,44.6625873617027],[-63.6258666611505,44.6625841516957],[-63.6257139915697,44.6625786146888],[-63.6247857677765,44.6625345390475],[-63.6247837411772,44.6625366334766],[-63.6244759127839,44.6625636559504],[-63.6241030894831,44.6625950864201],[-63.6240156517195,44.6626047297861],[-63.6239286443894,44.6626161744409],[-63.6238421408293,44.6626294107371],[-63.6237562139508,44.6626444275169],[-63.6236709361798,44.6626612121216],[-63.6235863793948,44.6626797504023],[-63.6235026148667,44.662700026732],[-63.6234197131987,44.6627220240183],[-63.623317056423,44.6628336947047],[-63.6232999316585,44.66285328479],[-63.6232846894115,44.6628736464066],[-63.6232713980857,44.6628946881755],[-63.6232601173298,44.6629163156651],[-63.6232508977691,44.6629384318157],[-63.6232437807789,44.6629609373744],[-63.6232387982987,44.6629837313409],[-63.6232359726888,44.6630067114208],[-63.6232245254571,44.6630927873498],[-63.6234050347269,44.6633075680197],[-63.6239430618017,44.6630755011253],[-63.6239888575324,44.6630576665185],[-63.6240375660339,44.6630442941589],[-63.6240883324118,44.6630356187513],[-63.6241402656533,44.6630317925618],[-63.6241924542658,44.6630328827459],[-63.6242439822746,44.6630388701691],[-63.6242939452992,44.6630496497432],[-63.6243414664269,44.6630650322709],[-63.6253470845734,44.6635124688472],[-63.6253966863169,44.6635367603048],[-63.6254430417073,44.6635641036579],[-63.625485780712,44.6635942806336],[-63.6255245621664,44.6636270503396],[-63.6255590764969,44.6636621511872],[-63.6255890481926,44.6636993029794],[-63.625614238004,44.6637382091479],[-63.625634444853,44.6637785591205],[-63.6256374504611,44.663797347378],[-63.6256385869577,44.663816239568],[-63.6256378486911,44.6638351417448],[-63.6256352393326,44.6638539599128],[-63.6256307718579,44.6638726004945],[-63.6256244684824,44.6638909707955],[-63.6256163605513,44.6639089794655],[-63.625606488383,44.6639265369525],[-63.625583984225,44.6639538722367],[-63.6255561692021,44.6639786114892],[-63.6255236256518,44.6640002367709],[-63.6254870349081,44.6640182953371],[-63.6253970116275,44.6640631686829],[-63.6253085849034,44.6641096201312],[-63.625221809412,44.6641576209561],[-63.625136738809,44.6642071414736],[-63.6250534256956,44.6642581510601],[-63.6249719215864,44.6643106181712],[-63.6248922768774,44.6643645103613],[-63.6248145408151,44.6644197943035],[-63.6235803643108,44.6652848139128],[-63.6235380934853,44.6653164957067],[-63.6234972830436,44.665349131713],[-63.6234579755461,44.6653826878948],[-63.6234202119854,44.6654171292555],[-63.6233840317445,44.6654524198756],[-63.6233494725547,44.6654885229497],[-63.623316570457,44.6655254008255],[-63.6232853597641,44.6655630150423],[-63.6232558730251,44.6656013263719],[-63.6232281409909,44.6656402948589],[-63.6232021925825,44.6656798798627],[-63.623178054861,44.6657200401],[-63.623155752999,44.6657607336873],[-63.6231353102545,44.6658019181853],[-63.6231167479468,44.6658435506426],[-63.6231000854341,44.6658855876409],[-63.6224132919583,44.6678174153927],[-63.622391049816,44.6678901116433],[-63.6223711877444,44.667963155588],[-63.6223537164593,44.6680365078177],[-63.6223386453866,44.6681101287571],[-63.6223259826572,44.6681839786864],[-63.6223157351028,44.6682580177619],[-63.6223079082521,44.6683322060385],[-63.6223025063276,44.6684065034903],[-63.6222537125363,44.6694520252002],[-63.6222416728984,44.6696033906458],[-63.6222236694861,44.6697544560643],[-63.6221997164597,44.6699051026412],[-63.6221698326588,44.6700552118923],[-63.6221340415879,44.6702046657569],[-63.6220923713978,44.6703533466907],[-63.6220448548632,44.6705011377583],[-63.6219915293574,44.670647922725],[-63.6219324368223,44.6707935861482],[-63.621867623736,44.6709380134682],[-63.6217971410757,44.6710810910986],[-63.6217210442783,44.6712227065149],[-63.621639393196,44.6713627483437],[-63.6215522520497,44.6715011064497],[-63.6214596893785,44.6716376720229],[-63.6213617779856,44.6717723376634],[-63.6212422380618,44.6719203362872],[-63.6211172420258,44.6720660371311],[-63.6209868771258,44.6722093385125],[-63.6208512343573,44.6723501404242],[-63.6207104083999,44.6724883446041],[-63.6205644975511,44.6726238546037],[-63.6204136036578,44.6727565758552],[-63.6202578320448,44.6728864157378],[-63.6202443878582,44.6728968572657],[-63.6203203514388,44.6727894203419],[-63.6203932868538,44.6726809272253],[-63.6204631650904,44.6725714210672],[-63.620529958352,44.6724609454224],[-63.6205936400688,44.6723495442314],[-63.620654184909,44.6722372618031],[-63.6207115687887,44.6721241427971],[-63.6207657688812,44.6720102322061],[-63.6208167636262,44.6718955753379],[-63.6208645327388,44.6717802177973],[-63.6209090572168,44.6716642054682],[-63.620950319349,44.6715475844952],[-63.6209883027218,44.6714304012651],[-63.6210229922258,44.671312702389],[-63.6210543740619,44.6711945346829],[-63.6210824357469,44.67107594515],[-63.621107166118,44.6709569809613],[-63.6211285553379,44.6708376894372],[-63.6211465948982,44.6707181180287],[-63.6211612776229,44.6705983142983],[-63.6211725976714,44.6704783259011],[-63.6211805505408,44.6703582005663],[-63.6211851330674,44.6702379860776],[-63.6211863434284,44.6701177302545],[-63.6211841811424,44.6699974809333],[-63.6211786470695,44.6698772859478],[-63.6211697434109,44.6697571931109],[-63.6211574737087,44.6696372501949],[-63.6211418428433,44.6695175049126],[-63.6211228570328,44.6693980048987],[-63.6211005238293,44.6692787976908],[-63.6210748521168,44.6691599307098],[-63.6210458521072,44.669041451242],[-63.6210135353363,44.6689234064197],[-63.6209779146594,44.6688058432025],[-63.620939004246,44.6686888083588],[-63.6208968195741,44.668572348447],[-63.6208513774245,44.6684565097972],[-63.6208026958733,44.6683413384923],[-63.6207507942857,44.6682268803505],[-63.6206956933073,44.6681131809062],[-63.6206374148568,44.6680002853922],[-63.6205759821167,44.667888238722],[-63.6205114195241,44.6677770854714],[-63.6204437527613,44.6676668698612],[-63.6203730087455,44.6675576357394],[-63.6202992156176,44.6674494265637],[-63.6202224027319,44.6673422853843],[-63.6201426006434,44.6672362548267],[-63.6200598410967,44.667131377075],[-63.6199741570125,44.6670276938545],[-63.6198855824748,44.6669252464159],[-63.6197941527177,44.6668240755182],[-63.6196999041109,44.6667242214128],[-63.6196028741452,44.6666257238274],[-63.6195031014182,44.6665286219502],[-63.6194006256183,44.6664329544143],[-63.6192954875091,44.6663387592823],[-63.6191877289133,44.6662460740314],[-63.6190773926962,44.6661549355378],[-63.6189645227481,44.6660653800628],[-63.6188491639674,44.665977443238],[-63.6187313622424,44.665891160051],[-63.6186111644334,44.6658065648318],[-63.6178789602218,44.665531592268],[-63.6159711981714,44.66469372816],[-63.6145595765508,44.6642336309909],[-63.6138752471539,44.6640105771984],[-63.6136957115834,44.6639491225287],[-63.613518285787,44.6638846426402],[-63.6133430705117,44.6638171741363],[-63.6131701652492,44.6637467553171],[-63.6129996681797,44.6636734261573],[-63.6128316761157,44.6635972282844],[-63.6126662844475,44.6635182049541],[-63.6125035870887,44.6634364010265],[-63.6120135120837,44.6631770869312],[-63.6115234415704,44.662917771676],[-63.6114431186559,44.6628785132205],[-63.6113616908137,44.6628404236508],[-63.6112791916648,44.662803518696],[-63.6111956552721,44.662767813596],[-63.6111111161271,44.6627333230954],[-63.6110256091353,44.6627000614373],[-63.6109391696016,44.662668042357],[-63.6108518332162,44.6626372790771],[-63.6107636738162,44.6626077978999],[-63.6106746897317,44.6625795979589],[-63.6105849177664,44.6625526909196],[-63.6104943950497,44.6625270879123],[-63.6104031590216,44.6625027995283],[-63.6103112474172,44.6624798358147],[-63.6102186982508,44.6624582062709],[-63.6101255498006,44.6624379198444],[-63.609810879838,44.6623729189179],[-63.6084523225995,44.6620961915117],[-63.6083490997177,44.6620741440836],[-63.6082466178838,44.6620504120995],[-63.6081449314308,44.6620250081396],[-63.6080440942702,44.66199794567],[-63.607944159863,44.6619692390364],[-63.6078451811917,44.6619389034556],[-63.6077472107322,44.6619069550082],[-63.6076503004257,44.6618734106298],[-63.6074560837629,44.6618534698743],[-63.6065888196449,44.6614699024308],[-63.6064941643944,44.6614341139087],[-63.6063976622466,44.6614009143672],[-63.6062994531118,44.6613703519441],[-63.6061996793748,44.6613424709535],[-63.6060984856893,44.6613173118213],[-63.6059960187673,44.6612949110274],[-63.6058924271667,44.661275301052],[-63.6057878610763,44.6612585103286],[-63.6055491077385,44.6612204826194],[-63.6054202658438,44.6612052325205],[-63.6052919577729,44.6611878539779],[-63.6051642530169,44.6611683564018],[-63.6050372207401,44.6611467503498],[-63.6049131798863,44.6611222604158],[-63.604791107608,44.6610931937826],[-63.6046713374362,44.6610596298602],[-63.6045541966118,44.6610216603458],[-63.6044202227687,44.661031604351],[-63.6036646102573,44.6605694813779],[-63.6031117196578,44.6602061656101],[-63.6023456184172,44.6596911494712]]]},"properties":{"GLOBALID":"ca0b3d52-51d8-47c7-a18e-36fd338a881a","OBJECTID":1,"PKNGZONE_ID":13,"ADDDATE":"Wed, 15 Jan 2020 13:30:06 GMT","MODDATE":"Wed, 15 Jan 2020 13:30:31 GMT","SDATE":"Mon, 16 Dec 2019 00:00:00 GMT","SOURCE":"PARKING","SACC":"DG"}},{"type":"Feature","id":2,"geometry":{"type":"Polygon","coordinates":[[[-63.5849281258813,44.6364994815724],[-63.5880347723233,44.6357997773516],[-63.5902291436617,44.6353153818077],[-63.5928042587467,44.6347550909212],[-63.5937560435531,44.6345204601782],[-63.5951794708332,44.6341675198531],[-63.5962924475376,44.6338811061659],[-63.5977663152209,44.6335044321749],[-63.5983345337741,44.6333605683142],[-63.6008446584433,44.6327912449494],[-63.6073802596647,44.6357674291264],[-63.6107083803502,44.6372827577524],[-63.6066232008658,44.6384617069653],[-63.6049544697328,44.6389432337446],[-63.6044781075106,44.6390844969495],[-63.6038444987913,44.6392682679741],[-63.6037743996564,44.6392885987326],[-63.6028159960629,44.6395665625096],[-63.6015733448523,44.6399333671396],[-63.6003954846315,44.6402717904881],[-63.5994111430826,44.6405509921155],[-63.5983717931971,44.6408410180923],[-63.5983712290551,44.6408411695766],[-63.5971983985017,44.6411591194733],[-63.5960546634819,44.6414721914215],[-63.5959665540239,44.6414969987718],[-63.5958777339985,44.6415199774559],[-63.5950413898926,44.6417376669746],[-63.5941011160982,44.6419794629383],[-63.5927921045409,44.6423584947359],[-63.5916097850831,44.64269794512],[-63.5915012685967,44.642724493],[-63.5907130858682,44.6429300878183],[-63.5906300473999,44.6429506588926],[-63.5897050683215,44.6431893997856],[-63.588523362413,44.6435004621722],[-63.5879360357954,44.6423546380601],[-63.5873036389034,44.6411415186296],[-63.5868922554191,44.6403536176634],[-63.5863349046842,44.6393004972757],[-63.5856890995382,44.6381170778931],[-63.5849281258813,44.6364994815724]]]},"properties":{"GLOBALID":"3476ee4a-7616-4b96-b7ca-6c26e8a9f5cf","OBJECTID":2,"PKNGZONE_ID":11,"ADDDATE":"Wed, 15 Jan 2020 13:30:06 GMT","MODDATE":"Wed, 15 Jan 2020 13:30:31 GMT","SDATE":"Mon, 16 Dec 2019 00:00:00 GMT","SOURCE":"PARKING","SACC":"DG"}},{"type":"Feature","id":3,"geometry":{"type":"Polygon","coordinates":[[[-63.5823398675453,44.6662455826242],[-63.5816747585022,44.6669685973988],[-63.5793948504808,44.6688546137298],[-63.5781345518664,44.6697640666506],[-63.5776200876015,44.6700270911233],[-63.5771267391357,44.6703421422898],[-63.5769391771925,44.67046200238],[-63.5766176566776,44.6706634658457],[-63.5758898748721,44.6711464578454],[-63.5749042550205,44.6717815898847],[-63.5748455737574,44.6718273736105],[-63.5747922933042,44.6718763833156],[-63.5747447629568,44.6719282976947],[-63.5747032943144,44.6719827764003],[-63.5746681592373,44.6720394622742],[-63.5746395880636,44.6720979836895],[-63.5746177681004,44.6721579569866],[-63.5746028423949,44.6722189889889],[-63.5744816407984,44.6727720864741],[-63.5743390763662,44.6729478281208],[-63.574322856256,44.6729649790837],[-63.5743048983607,44.6729812308328],[-63.5742853008665,44.6729964945114],[-63.5742641709239,44.6730106866652],[-63.5742416240622,44.6730237296983],[-63.5742177835581,44.6730355522978],[-63.5741927797611,44.6730460898238],[-63.574166749381,44.6730552846622],[-63.5741398347409,44.6730630865404],[-63.5741121829984,44.6730694528015],[-63.5740839453411,44.6730743486381],[-63.5740552761604,44.6730777472823],[-63.574026332207,44.673079630152],[-63.5739972717339,44.6730799869527],[-63.5739682536313,44.6730788157334],[-63.5739394365576,44.673076122898],[-63.5737460086156,44.6730499325955],[-63.5736135726882,44.6729722412722],[-63.5729837979785,44.6725766014301],[-63.5728834166354,44.6725109902952],[-63.5722945458138,44.6720625991306],[-63.5721317423383,44.6719362594894],[-63.5720555963688,44.6718756757767],[-63.5719763598194,44.6718171306455],[-63.571894140535,44.6717607037849],[-63.5718090504202,44.6717064720009],[-63.5714371865201,44.6714724589754],[-63.5706317911724,44.672190352863],[-63.5702922549445,44.6724928259391],[-63.569356263419,44.6733334494327],[-63.5685099255555,44.6728049928369],[-63.567672616659,44.6722954899087],[-63.5668344588545,44.6717749287711],[-63.5659849113105,44.6712509266427],[-63.5649763619613,44.6706279696635],[-63.5642698423802,44.6701930634853],[-63.564581396087,44.6699146663916],[-63.5655461965837,44.6690769384678],[-63.5646654388717,44.668550870761],[-63.5636980287693,44.6682001173327],[-63.5636043290952,44.6681751386852],[-63.5636327598756,44.6681232123501],[-63.5639850629604,44.6675795514714],[-63.5640714413649,44.6673621448526],[-63.5640846681591,44.6671622339001],[-63.5641105890466,44.6670029062167],[-63.5641618999173,44.6668789807619],[-63.564379630881,44.6666363392047],[-63.5645371810088,44.6663954861698],[-63.564675862024,44.6660693945107],[-63.5649231251026,44.6654242770707],[-63.5650868412665,44.6647908419535],[-63.5651533255807,44.6645739768959],[-63.5648662195243,44.6643759602939],[-63.5650328848573,44.6642063294502],[-63.5651697279194,44.6640409060272],[-63.5653958599276,44.6633562139501],[-63.5655943157402,44.6633661179415],[-63.5657268406008,44.6633981613447],[-63.5657826125052,44.663372518062],[-63.5658789945486,44.6633465776672],[-63.5660616184527,44.663305772636],[-63.5661833967675,44.6632688790872],[-63.5664214107919,44.6632261866097],[-63.5665180829912,44.6632135671523],[-63.5665949428469,44.6632253553651],[-63.5666204558993,44.66321503413],[-63.5666885967069,44.6631965116167],[-63.5667682090006,44.6631940121312],[-63.5668706744352,44.6631975492354],[-63.5669529412506,44.663178872096],[-63.5670379012152,44.6631338474633],[-63.5671141367418,44.6630745318698],[-63.5671763594483,44.6630397613367],[-63.5688088228983,44.6635879391746],[-63.5688122957852,44.6636467354375],[-63.5691779559199,44.6637992020272],[-63.569373318833,44.6637109771741],[-63.5694423031586,44.6637816470274],[-63.5694593927086,44.6637775566529],[-63.5695339861148,44.6638523225448],[-63.5695538559506,44.663839974765],[-63.5695652663513,44.6638440274388],[-63.5695967846414,44.6638682233583],[-63.5696167389188,44.6638742355987],[-63.5696366653484,44.6638741282601],[-63.5696706881415,44.6638678355337],[-63.5697557693787,44.6638309097576],[-63.5699852763574,44.6637444918236],[-63.5700080091239,44.6637423367405],[-63.5700364794303,44.6637441883357],[-63.5700564956914,44.6637542513523],[-63.5700708040573,44.6637663371925],[-63.5700737622095,44.6637785112014],[-63.5700739131264,44.6637927316725],[-63.5700598751535,44.6638110674303],[-63.5699608511648,44.6638602994673],[-63.5698985673729,44.6638911113984],[-63.5698731172026,44.6639053931781],[-63.56989041606,44.6639276735907],[-63.5697571500893,44.6639811268676],[-63.5697485172794,44.6639689969866],[-63.5696436632245,44.6640121514943],[-63.5696493998659,44.6640161581539],[-63.5696637702155,44.6640322946834],[-63.5696893757943,44.6640240436885],[-63.5697238513383,44.6640604134827],[-63.5697039815025,44.6640727612156],[-63.5697298853221,44.6641010512251],[-63.5697272622415,44.6641152492549],[-63.5697358339659,44.6641233290069],[-63.5697756868252,44.6641231136918],[-63.5698467543439,44.6641187428565],[-63.5699093408681,44.6641163724721],[-63.5699659455108,44.6640937943962],[-63.5700054803664,44.6640897960479],[-63.5701056173678,44.6640892619125],[-63.5702727201803,44.6640884626262],[-63.5702792051183,44.6640693455592],[-63.5705095789712,44.6641837111575],[-63.5705053892288,44.6643433634917],[-63.5704411462112,44.6644933198749],[-63.5709669031976,44.6648379027823],[-63.570703482122,44.6650599899195],[-63.571405240632,44.6655362862811],[-63.5717886478835,44.6657132190556],[-63.5718560161399,44.6657379451208],[-63.571968925388,44.6657748620153],[-63.5720693696132,44.6658026771312],[-63.5721825663221,44.6658215962068],[-63.5722957630311,44.6658405152763],[-63.5729256572167,44.6658816296668],[-63.5741857348455,44.6659458503988],[-63.5759372951393,44.6660320350485],[-63.5776133475419,44.6661085831073],[-63.579377385435,44.6662038149027],[-63.5801209165041,44.6662368054954],[-63.5802216499868,44.6662466169938],[-63.5804486201231,44.66624844487],[-63.5805496383718,44.6662402580799],[-63.5809660344554,44.6662256107889],[-63.5815844679347,44.6661945867079],[-63.5817863615998,44.6661872106677],[-63.581987970499,44.6661978310152],[-63.5821768287111,44.6662173486061],[-63.5822928119941,44.6662374341673],[-63.5823398675453,44.6662455826242]]]},"properties":{"GLOBALID":"6008e6c1-583b-4935-8e36-ec7d70655e04","OBJECTID":3,"PKNGZONE_ID":2,"ADDDATE":"Wed, 15 Jan 2020 13:30:06 GMT","MODDATE":"Wed, 15 Jan 2020 13:30:31 GMT","SDATE":"Mon, 16 Dec 2019 00:00:00 GMT","SOURCE":"PARKING","SACC":"DG"}},{"type":"Feature","id":4,"geometry":{"type":"Polygon","coordinates":[[[-63.5904908911759,44.6472303626082],[-63.5904424585073,44.6472429778751],[-63.5901860623771,44.6473865105735],[-63.5899331373663,44.6475331269689],[-63.5896837567572,44.6476827845573],[-63.5894379928052,44.6478354399537],[-63.5891959167181,44.6479910489043],[-63.5889575986347,44.6481495662994],[-63.5887231076053,44.6483109461865],[-63.5884925115712,44.6484751417838],[-63.5884175225171,44.6485305617564],[-63.5883405767751,44.6485846071041],[-63.5882617241109,44.6486372428762],[-63.5881810155236,44.6486884350338],[-63.5880985032126,44.6487381504715],[-63.5880142405437,44.6487863570391],[-63.587928282015,44.648833023562],[-63.5878406832213,44.6488781198618],[-63.5877412520535,44.6489279398664],[-63.5876405151476,44.6489764140222],[-63.5875385084891,44.6490235250165],[-63.5874352685168,44.6490692560235],[-63.5873308321104,44.6491135907106],[-63.5872252365767,44.6491565132435],[-63.5871185196368,44.6491980082927],[-63.5870107194122,44.6492380610382],[-63.5869018744116,44.6492766571754],[-63.5867920235166,44.6493137829198],[-63.5866812059684,44.6493494250121],[-63.5865694613533,44.6493835707229],[-63.5864568295891,44.6494162078574],[-63.5863433509101,44.6494473247594],[-63.5862290658534,44.6494769103157],[-63.586114015244,44.6495049539601],[-63.5859358140249,44.649549191483],[-63.585755791907,44.6495895253639],[-63.5855741178016,44.6496259177663],[-63.5853909621702,44.6496583345514],[-63.5848125998408,44.6496107335233],[-63.5843345218365,44.6496363918397],[-63.5809872203231,44.6503514624201],[-63.580710284094,44.6504029541301],[-63.5788047813066,44.6508701428256],[-63.5788959198838,44.6511028119994],[-63.5789314940673,44.6511439170305],[-63.5760546501497,44.6519629434475],[-63.5759003914491,44.6518269537531],[-63.5758017988074,44.6517452915218],[-63.5757012725126,44.6516648310674],[-63.5755988415115,44.6515855955634],[-63.5754945352987,44.6515076078308],[-63.5751159744582,44.6517867611355],[-63.5750960138648,44.6517981100984],[-63.5750740901732,44.6518074475368],[-63.5750506012429,44.651814604001],[-63.5750259733384,44.6518194496201],[-63.575000653394,44.6518218964588],[-63.5749751009026,44.6518219001136],[-63.5749497795771,44.6518194605182],[-63.5749251489357,44.6518146219447],[-63.5748982858319,44.6518048333149],[-63.5748729595061,44.6517931539958],[-63.5748494319965,44.6517797048262],[-63.5748279467303,44.6517646249566],[-63.5746860192037,44.651669417372],[-63.5746628763514,44.6516519912487],[-63.5746414019678,44.6516335157572],[-63.5746216898378,44.6516140715845],[-63.5746038260501,44.651593743648],[-63.5745975154897,44.6515785488628],[-63.5745942397311,44.6515628770785],[-63.5745940625649,44.6515470334797],[-63.5745969874412,44.6515313265968],[-63.5746029574023,44.6515160622986],[-63.5746118561921,44.6515015378351],[-63.5746235105198,44.6514880360493],[-63.5746376934346,44.6514758198693],[-63.5750139779442,44.6511931617409],[-63.5743597618723,44.6507893044178],[-63.574214330916,44.6507047836024],[-63.5740643329248,44.6505928422368],[-63.5740232354548,44.6505565551242],[-63.5739848569556,44.6505187911121],[-63.5739493020996,44.6504796531942],[-63.5739166678584,44.6504392481117],[-63.5738372010917,44.6503270736123],[-63.5738090384945,44.6502951218728],[-63.5737826611231,44.6502624080811],[-63.5737581096596,44.650228982691],[-63.57373542197,44.6501948972536],[-63.5733984576187,44.6496646269028],[-63.5733535571259,44.6496053978651],[-63.5732382799187,44.649514124099],[-63.5731639560071,44.649445423753],[-63.573122304594,44.6494104977909],[-63.573079058937,44.6493765666434],[-63.5730342659551,44.6493436671258],[-63.5729879742463,44.6493118349339],[-63.5724728802624,44.6489764124159],[-63.5724637650572,44.6489698534915],[-63.5723158870901,44.6490430656931],[-63.5719423325606,44.6492076665902],[-63.5719265653308,44.6491922992241],[-63.5718322970231,44.6492467764738],[-63.5717735606783,44.6494158401251],[-63.5717525701395,44.6494340129191],[-63.5717269430514,44.6494488741223],[-63.5716976913899,44.6494598368905],[-63.5716659702601,44.6494664683225],[-63.5716330322825,44.6494685065543],[-63.5716001781293,44.6494658710997],[-63.5715687051625,44.6494586660281],[-63.5715398562032,44.6494471758558],[-63.5715147704543,44.6494318543101],[-63.5714944385149,44.6494133064136],[-63.5714796632634,44.6493922645927],[-63.5714710281526,44.6493695597556],[-63.5714688741703,44.6493460884815],[-63.5714732863742,44.6493227776159],[-63.5714840905328,44.6493005476713],[-63.5715008600058,44.6492802764772],[-63.5719850285878,44.6490403777069],[-63.5719294093969,44.6489826460455],[-63.5722577705827,44.6488146132559],[-63.5721954346886,44.6487654489681],[-63.5721587232743,44.6487365550973],[-63.5721260166502,44.6487053210874],[-63.5720976079002,44.6486720268227],[-63.5720737515951,44.6486369706498],[-63.571946858273,44.6484626871966],[-63.5718977331833,44.6483934530583],[-63.5718504499721,44.6483235727794],[-63.5718050254187,44.6482530711559],[-63.5717614756428,44.6481819732044],[-63.5715698218735,44.6478458168601],[-63.5713286323046,44.6474189713946],[-63.5712491448767,44.6472482862692],[-63.5712407483237,44.6472302514042],[-63.5711423073416,44.6469683665613],[-63.5711233079734,44.646863328657],[-63.5717145781951,44.6467096639402],[-63.5717247489207,44.6467071330668],[-63.5723401658572,44.6465539907292],[-63.5723448281136,44.6465528007042],[-63.572980918878,44.6463903026242],[-63.5736089346864,44.646232226763],[-63.5736148851269,44.6462306749925],[-63.5743087330725,44.6460497681732],[-63.5749372492425,44.6458851659841],[-63.5755653180515,44.6457261230357],[-63.5762420602776,44.6455530068212],[-63.576364521312,44.6455246470451],[-63.5770354155056,44.6453716639232],[-63.5773493533412,44.6452913566344],[-63.578637250896,44.6449696866469],[-63.5789757334001,44.6448892075148],[-63.5800322204462,44.6446241388103],[-63.5806399990079,44.6444774762671],[-63.5808631486093,44.6444110075665],[-63.5845178733758,44.6434924268431],[-63.5850314231558,44.6444487906458],[-63.588523362413,44.6435004621722],[-63.5890134643674,44.6444744729762],[-63.5897386302789,44.6458444547582],[-63.5904810061145,44.6472118605527],[-63.5904908911759,44.6472303626082]]]},"properties":{"GLOBALID":"4ab1b967-00b8-4194-8f25-defd625e5dda","OBJECTID":4,"PKNGZONE_ID":16,"ADDDATE":"Wed, 08 Mar 2023 19:18:10 GMT","MODDATE":"Mon, 20 Mar 2023 14:52:47 GMT","SDATE":"Mon, 16 Dec 2019 00:00:00 GMT","SOURCE":"PARKING","SACC":"DG"}},{"type":"Feature","id":5,"geometry":{"type":"Polygon","coordinates":[[[-63.557175540256,44.6642284672688],[-63.5571277822222,44.6642598252774],[-63.5568784629,44.6643840278703],[-63.5565720520481,44.6645463803377],[-63.5565407951783,44.6645632483429],[-63.5565118334915,44.6645820750487],[-63.5564854087724,44.6646027032797],[-63.5564617416262,44.6646249608208],[-63.5561229896275,44.6649846524846],[-63.5560407317952,44.6650686573344],[-63.5560784367827,44.6651154119014],[-63.5560853395082,44.6651642994711],[-63.5560904279673,44.6652132994218],[-63.5560936986239,44.665262377701],[-63.556095149205,44.6653115002021],[-63.5560947787025,44.6653606327877],[-63.556092587374,44.6654097413136],[-63.5560885767422,44.6654587916523],[-63.5560827495943,44.6655077497168],[-63.5560606526657,44.6655544895524],[-63.556041105106,44.6656018003539],[-63.556024135965,44.6656496118108],[-63.5560097704607,44.6656978528687],[-63.5559933652456,44.6657511453327],[-63.5559734668892,44.6658038324758],[-63.5559501191066,44.6658557985496],[-63.5559233731916,44.6659069293904],[-63.5557455238333,44.6662102728492],[-63.5556937413471,44.6662977214762],[-63.5555413637187,44.6662520303438],[-63.555466908653,44.6663479602136],[-63.5554281487089,44.6664048516427],[-63.5553919005948,44.6664625745057],[-63.5553581995269,44.6665210727207],[-63.5553270782465,44.6665802894528],[-63.555298566989,44.6666401671692],[-63.5552726934538,44.6667006476951],[-63.5552494827777,44.6667616722701],[-63.5552289575106,44.6668231816056],[-63.5551701924197,44.6669898556944],[-63.5551471576587,44.6670451323655],[-63.5551208429694,44.6670996633908],[-63.5550912958319,44.6671533503809],[-63.5550585695591,44.6672060964692],[-63.5550336402407,44.6672366574677],[-63.5550067963614,44.6672663868563],[-63.554978092662,44.6672952240111],[-63.5549475876762,44.6673231101279],[-63.5549153436104,44.667349988342],[-63.5548814262178,44.667375803844],[-63.5548459046638,44.6674005039916],[-63.5548088513849,44.6674240384169],[-63.5547194781508,44.6674729896532],[-63.5546262647357,44.6675181733647],[-63.5545295247255,44.6675594375545],[-63.5544295835702,44.6675966434113],[-63.5540923191816,44.6676982883768],[-63.5535462432019,44.6678693535016],[-63.5535145293728,44.6678840296588],[-63.5534845963848,44.6679004892274],[-63.553456642026,44.6679186234461],[-63.5534308510104,44.6679383124879],[-63.5533859334496,44.6679823737988],[-63.5532627582544,44.6680655942392],[-63.553221239366,44.6680541067033],[-63.5531790930044,44.6680438397401],[-63.5531363900789,44.6680348106237],[-63.553093202435,44.668027034546],[-63.5530496027339,44.6680205245901],[-63.55300566433,44.6680152917093],[-63.5529614611475,44.668011344708],[-63.5529170675561,44.668008690227],[-63.5528725582459,44.6680073327326],[-63.5528280081016,44.6680072745088],[-63.5527834920767,44.6680085156535],[-63.5527390850673,44.6680110540786],[-63.552694861786,44.668014885513],[-63.5526508966363,44.6680200035103],[-63.5526072635875,44.6680263994593],[-63.55256403605,44.6680340625989],[-63.5524653290765,44.6680477930817],[-63.5523659395969,44.6680587540022],[-63.5522660211887,44.6680669284249],[-63.5521657282466,44.66807230372],[-63.552065215744,44.6680748715823],[-63.5519646389937,44.6680746280441],[-63.5518641534077,44.6680715734819],[-63.5517639142572,44.668065712615],[-63.5516640764324,44.668057054499],[-63.5515647942037,44.6680456125111],[-63.5514662209827,44.66803140433],[-63.5513685090855,44.6680144519082],[-63.5512718094975,44.6679947814384],[-63.5511762716395,44.6679724233128],[-63.5510820431375,44.6679474120762],[-63.550989269594,44.6679197863728],[-63.5508381480138,44.6678671019325],[-63.5506848942462,44.6678176307262],[-63.5505296433359,44.6677714163553],[-63.5503725320873,44.6677284995511],[-63.5502136989442,44.6676889181383],[-63.5500532838679,44.6676527070025],[-63.5498914282133,44.6676198980585],[-63.549728274605,44.6675905202228],[-63.5495639668112,44.6675645993881],[-63.5493986496172,44.6675421583998],[-63.5492324686977,44.6675232170368],[-63.5490655704885,44.6675077919932],[-63.5488981020577,44.6674958968642],[-63.5487302109755,44.6674875421336],[-63.5485620451849,44.6674827351652],[-63.5483937528706,44.6674814801955],[-63.5482846687687,44.6674872596807],[-63.5481754087845,44.667490998418],[-63.5480660483856,44.6674926938255],[-63.5479566631089,44.6674923447322],[-63.5478473285085,44.6674899513792],[-63.5477381201033,44.6674855154195],[-63.5476291133253,44.6674790399165],[-63.5475203834671,44.6674705293423],[-63.5474120056302,44.6674599895744],[-63.5473040546726,44.6674474278916],[-63.5471966051578,44.6674328529692],[-63.5470897313028,44.6674162748728],[-63.546983506927,44.6673977050514],[-63.5468780054011,44.6673771563296],[-63.5467732995966,44.6673546428985],[-63.5466694618355,44.6673301803063],[-63.5465698853829,44.6672980969102],[-63.5468981711102,44.6663543159213],[-63.5471642152665,44.6655092300534],[-63.5468718010651,44.6654353543737],[-63.5438345512754,44.6638669563792],[-63.5406738460162,44.6612973405324],[-63.5379993781591,44.6596032480738],[-63.5378621739741,44.6582162403349],[-63.5348448488174,44.6566906306296],[-63.538547919116,44.6518987027529],[-63.5386620383947,44.6518006298731],[-63.5397892569896,44.6508318871871],[-63.5401547922585,44.6505178426025],[-63.5404541935562,44.6502606135317],[-63.5408422370128,44.6499248271157],[-63.5412708025736,44.6495539648814],[-63.5415232444398,44.6493355103156],[-63.5416701468366,44.649208383001],[-63.5419799623033,44.6489424386751],[-63.5427819413581,44.6482540021622],[-63.5432360118864,44.6478505685457],[-63.5435054471829,44.6476111751416],[-63.543632434828,44.6475005437138],[-63.5436359059183,44.6474975201281],[-63.5436421725657,44.6474920826585],[-63.5437100771164,44.6474346856235],[-63.5437472721297,44.6474067013706],[-63.543786155214,44.6473799036802],[-63.5438266516555,44.6473543440458],[-63.5438686836402,44.647330071582],[-63.5439121704039,44.6473071329299],[-63.5439570283865,44.6472855721676],[-63.5440031713936,44.6472654307259],[-63.5440505107613,44.6472467473079],[-63.5441081138998,44.6472175270239],[-63.5441627101367,44.6471855178149],[-63.5442140332185,44.6471508757782],[-63.5442618328542,44.6471137698506],[-63.5443058759356,44.6470743809847],[-63.5443459476747,44.6470329012667],[-63.5443818526507,44.6469895329795],[-63.544413415763,44.6469444876164],[-63.5452423541577,44.6451768642939],[-63.5457547611959,44.6456195221869],[-63.5462651035765,44.6460633823919],[-63.5467733756949,44.6465084400065],[-63.547279571969,44.6469546901157],[-63.5477836868398,44.647402127791],[-63.548285714771,44.6478507480911],[-63.5487856502492,44.6483005460616],[-63.5492834877841,44.6487515167354],[-63.5497792219082,44.6492036551325],[-63.5502728471774,44.64965695626],[-63.5507643581705,44.6501114151125],[-63.5512537494897,44.6505670266717],[-63.5517410157604,44.6510237859068],[-63.5522261516314,44.6514816877746],[-63.5527091517747,44.651940727219],[-63.5531900108861,44.6524008991719],[-63.5532375085256,44.6524718924596],[-63.5532824688458,44.6525437169325],[-63.5533248631248,44.6526163267045],[-63.5533646642801,44.6526896753875],[-63.5534018468856,44.6527637161216],[-63.5534363871881,44.6528384016053],[-63.5534682631223,44.652913684125],[-63.5534974543249,44.6529895155859],[-63.553523942148,44.6530658475429],[-63.5535477096703,44.6531426312312],[-63.5535687417086,44.6532198175976],[-63.5535870248269,44.6532973573319],[-63.5536025473456,44.6533752008984],[-63.5536152993485,44.6534532985673],[-63.5536252726892,44.6535316004469],[-63.5536324609966,44.6536100565151],[-63.5536368596784,44.6536886166515],[-63.5536384659248,44.6537672306696],[-63.5536372787096,44.6538458483485],[-63.5536332987912,44.6539244194652],[-63.5536265287122,44.6540028938266],[-63.5536169727973,44.6540812213017],[-63.5536046371513,44.6541593518537],[-63.5535895296544,44.6542372355713],[-63.5535716599577,44.6543148227017],[-63.5535510394769,44.6543920636813],[-63.5535276813848,44.654468909168],[-63.5535016006033,44.6545453100725],[-63.5534728137934,44.6546212175898],[-63.5534413393449,44.6546965832301],[-63.5534071973645,44.6547713588501],[-63.5533704096631,44.6548454966834],[-63.5533268156575,44.6549477780905],[-63.5532891442396,44.6550512430505],[-63.553257458566,44.6551557180976],[-63.5532318117579,44.6552610280733],[-63.5532122468126,44.6553669964204],[-63.5531987965309,44.6554734454787],[-63.5531914834622,44.6555801967832],[-63.553190319867,44.6556870713632],[-63.5531953076961,44.6557938900421],[-63.5532064385873,44.6559004737382],[-63.5532236938796,44.6560066437647],[-63.5532470446444,44.6561122221292],[-63.5532764517338,44.6562170318322],[-63.5533118658466,44.656320897164],[-63.5533532276106,44.6564236439988],[-63.5534004676824,44.6565251000869],[-63.5534535068637,44.6566250953434],[-63.5535122562337,44.6567234621333],[-63.5535766172984,44.6568200355523],[-63.5536464821561,44.6569146537036],[-63.5537217336774,44.6570071579688],[-63.5538022457025,44.6570973932742],[-63.5538878832523,44.6571852083501],[-63.5539785027544,44.6572704559853],[-63.5540739522845,44.6573529932728],[-63.5541740718204,44.6574326818498],[-63.5542786935108,44.6575093881297],[-63.5543876419563,44.6575829835258],[-63.5545007345039,44.6576533446667],[-63.5546177815527,44.6577203536032],[-63.5547385868723,44.6577838980061],[-63.5548629479313,44.6578438713541],[-63.5551049792217,44.6577315769892],[-63.5552515872176,44.6578535122989],[-63.555394278272,44.6579777761544],[-63.5555329792966,44.6581043048911],[-63.5556676192468,44.6582330336847],[-63.5557981291582,44.658363896584],[-63.5559244421816,44.6584968265451],[-63.556046493618,44.6586317554653],[-63.5561642209507,44.6587686142186],[-63.5562775638782,44.6589073326904],[-63.5563864643448,44.6590478398143],[-63.55649086657,44.6591900636077],[-63.5565907170777,44.6593339312092],[-63.5566859647229,44.659479368916],[-63.5567765607185,44.6596263022213],[-63.5568624586599,44.6597746558526],[-63.5569436145492,44.6599243538107],[-63.557019986817,44.6600753194079],[-63.5570915363445,44.6602274753081],[-63.5571582264829,44.6603807435658],[-63.5572200230727,44.6605350456663],[-63.5572768944608,44.660690302566],[-63.5573288115168,44.6608464347328],[-63.5573757476482,44.6610033621869],[-63.5574176788136,44.6611610045418],[-63.5574545835352,44.6613192810453],[-63.55748644291,44.6614781106211],[-63.5575132406192,44.6616374119103],[-63.5575349629365,44.661797103313],[-63.5575515987355,44.6619571030302],[-63.5575631394951,44.6621173291055],[-63.557569579304,44.6622776994674],[-63.5575709148637,44.6624381319712],[-63.5568804077526,44.6630467774211],[-63.557175540256,44.6642284672688]]]},"properties":{"GLOBALID":"35df0ff0-24fc-4105-a16a-f6eed6380550","OBJECTID":5,"PKNGZONE_ID":15,"ADDDATE":"Tue, 12 Jan 2021 13:26:20 GMT","MODDATE":"Tue, 12 Jan 2021 13:27:10 GMT","SDATE":"Tue, 12 Jan 2021 00:00:00 GMT","SOURCE":"PARKING","SACC":"DG"}},{"type":"Feature","id":6,"geometry":{"type":"Polygon","coordinates":[[[-63.6015154987379,44.6399499878416],[-63.6015347289732,44.6399644532112],[-63.6016019056642,44.6400261880579],[-63.6016707784934,44.6400869692574],[-63.601741320731,44.6401467732235],[-63.6018135049994,44.640205576749],[-63.6018873032837,44.6402633570151],[-63.6019626869424,44.6403200916004],[-63.6020396267189,44.6403757584888],[-63.6021180927526,44.6404303360792],[-63.6021980545906,44.6404838031928],[-63.6022794811995,44.6405361390819],[-63.6023623409773,44.640587323438],[-63.6024466017658,44.6406373363992],[-63.6025322308632,44.6406861585584],[-63.6026191950364,44.6407337709707],[-63.6027074605346,44.6407801551604],[-63.6027969931014,44.6408252931288],[-63.6028616229824,44.6408556522721],[-63.6029250137397,44.6408873064596],[-63.6029871141299,44.6409202301007],[-63.6030478739527,44.6409543965788],[-63.6031072440916,44.6409897782723],[-63.6031651765532,44.6410263465775],[-63.6032216245066,44.6410640719313],[-63.6032765423207,44.6411029238353],[-63.6033298856014,44.6411428708805],[-63.6033816112274,44.6411838807724],[-63.6034316773852,44.6412259203577],[-63.6034800436026,44.6412689556503],[-63.6035266707815,44.6413129518596],[-63.6035715212299,44.6413578734179],[-63.6036145586919,44.64140368401],[-63.603655748377,44.6414503466015],[-63.6046911977775,44.6432258523155],[-63.6047655089457,44.6433227765236],[-63.6048447492528,44.6434177034525],[-63.6049288128176,44.6435105062708],[-63.6050175873145,44.6436010609858],[-63.6051109541228,44.6436892466089],[-63.6052087884856,44.6437749453175],[-63.6053109596766,44.643858042612],[-63.6054173311745,44.6439384274694],[-63.6054484600519,44.6439614515772],[-63.6054780019732,44.6439855108442],[-63.6055058890213,44.6440105499568],[-63.6055320570839,44.6440365113488],[-63.6055564460007,44.6440633353339],[-63.6055789997015,44.6440909602424],[-63.6055996663353,44.6441193225636],[-63.6056183983896,44.6441483570914],[-63.6057397446148,44.6443943165594],[-63.6062461572798,44.6453909999833],[-63.6067455819502,44.6464085614398],[-63.6067635448283,44.646459877232],[-63.6067848443438,44.646510542757],[-63.6068094343578,44.6465604482653],[-63.6068372616035,44.6466094856536],[-63.6068682658015,44.6466575486997],[-63.6069023797905,44.646704533292],[-63.606939529673,44.6467503376552],[-63.6069796349748,44.646794862571],[-63.60702260882,44.6468380115926],[-63.6070683581187,44.6468796912539],[-63.6071167837689,44.6469198112717],[-63.6071677808709,44.6469582847415],[-63.6072212389551,44.6469950283254],[-63.6072770422204,44.6470299624329],[-63.6073350697861,44.6470630113931],[-63.607395195953,44.6470941036188],[-63.6077675000275,44.6472792866161],[-63.6076442655436,44.6473461438],[-63.6075443419919,44.647394823428],[-63.6074406309897,44.6474393130728],[-63.6073334792362,44.6474794640181],[-63.6072232449329,44.647515142051],[-63.6070440752821,44.6475672314927],[-63.6068624267175,44.6476147771064],[-63.6062679072894,44.6477658696132],[-63.6053045988945,44.6480056739561],[-63.6050607116848,44.6480679569427],[-63.6043399690778,44.6482508616619],[-63.6038100816378,44.6483894339997],[-63.6033421366299,44.6485057401268],[-63.602386806173,44.6487428227346],[-63.6014950791332,44.6489512976686],[-63.5995064148083,44.6494279839151],[-63.5977619853413,44.649853699411],[-63.5966710119714,44.6501198587604],[-63.5965425573774,44.650151986812],[-63.5957873859388,44.6503395226867],[-63.5956709552948,44.6503686827797],[-63.5955184375293,44.6502471649342],[-63.5953638042312,44.6501223888459],[-63.5943987315451,44.6503525814305],[-63.5934237926622,44.650580328032],[-63.5934127020617,44.6505829194478],[-63.5925496294828,44.6507913040506],[-63.5923812744188,44.6507859250446],[-63.5920798770645,44.6502282331073],[-63.5917546186597,44.6495963804803],[-63.5904810061145,44.6472118605527],[-63.5897386302789,44.6458444547582],[-63.5890134643674,44.6444744729762],[-63.588523362413,44.6435004621722],[-63.5897050683215,44.6431893997856],[-63.5906300473999,44.6429506588926],[-63.5907130858682,44.6429300878183],[-63.5915012685967,44.642724493],[-63.5916097850831,44.64269794512],[-63.5927921045409,44.6423584947359],[-63.5941011160982,44.6419794629383],[-63.5950413898926,44.6417376669746],[-63.5958777339985,44.6415199774559],[-63.5959665540239,44.6414969987718],[-63.5960546634819,44.6414721914215],[-63.5971983985017,44.6411591194733],[-63.5983712290551,44.6408411695766],[-63.5983717931971,44.6408410180923],[-63.5994111430826,44.6405509921155],[-63.6003954846315,44.6402717904881],[-63.6015154987379,44.6399499878416]]]},"properties":{"GLOBALID":"821c148e-b621-4182-a3d4-b6855a7de68b","OBJECTID":6,"PKNGZONE_ID":10,"ADDDATE":"Wed, 15 Jan 2020 13:30:06 GMT","MODDATE":"Wed, 15 Jan 2020 13:30:31 GMT","SDATE":"Mon, 16 Dec 2019 00:00:00 GMT","SOURCE":"PARKING","SACC":"DG"}},{"type":"Feature","id":7,"geometry":{"type":"Polygon","coordinates":[[[-63.5760546501497,44.6519629434475],[-63.5789314940673,44.6511439170305],[-63.5788959198838,44.6511028119994],[-63.5788047813066,44.6508701428256],[-63.5807176763305,44.6504009039975],[-63.5809872203231,44.6503514624201],[-63.5843345218365,44.6496363918397],[-63.5848125998408,44.6496107335233],[-63.5853909621702,44.6496583345514],[-63.5855741177991,44.64962591776],[-63.5857557919035,44.6495895253555],[-63.5859358140221,44.6495491914768],[-63.586114015244,44.6495049539601],[-63.5862290658534,44.6494769103157],[-63.5863433509101,44.6494473247594],[-63.5864568295891,44.6494162078574],[-63.5865694613533,44.6493835707229],[-63.5866812059683,44.6493494250121],[-63.5867920235166,44.6493137829198],[-63.5869018744116,44.6492766571754],[-63.5870107194122,44.6492380610382],[-63.5871185196368,44.6491980082927],[-63.5872252365767,44.6491565132435],[-63.5873308321104,44.6491135907106],[-63.5874352685168,44.6490692560235],[-63.5875385084891,44.6490235250165],[-63.5876405151476,44.6489764140222],[-63.5877412520535,44.6489279398664],[-63.5878406832213,44.6488781198618],[-63.587928282015,44.648833023562],[-63.5880142405437,44.6487863570391],[-63.5880985032126,44.6487381504715],[-63.5881810155236,44.6486884350338],[-63.5882617241109,44.6486372428762],[-63.5883405767751,44.6485846071041],[-63.5884175225171,44.6485305617564],[-63.5884925115712,44.6484751417838],[-63.5887231076053,44.6483109461865],[-63.5889575986347,44.6481495662993],[-63.589195916718,44.6479910489043],[-63.5894379928052,44.6478354399537],[-63.5896837567571,44.6476827845573],[-63.5899331373663,44.6475331269689],[-63.5901860623771,44.6473865105735],[-63.5904424585073,44.6472429778751],[-63.5904908911759,44.6472303626082],[-63.5917546186597,44.6495963804803],[-63.5920798770645,44.6502282331073],[-63.5923812744188,44.6507859250446],[-63.5925496294828,44.6507913040506],[-63.5934127020617,44.6505829194478],[-63.5934237926622,44.650580328032],[-63.5943987315451,44.6503525814305],[-63.5953638042312,44.6501223888459],[-63.5955184375293,44.6502471649342],[-63.5956709552948,44.6503686827797],[-63.5958936036363,44.6505488929664],[-63.5967919503615,44.6512759940894],[-63.5968292006099,44.6513063952679],[-63.5968680026281,44.6513357977288],[-63.5969083035487,44.651364161413],[-63.5969500484616,44.6513914476767],[-63.5974730853493,44.6517282538398],[-63.5975732987074,44.6517832520925],[-63.5983300637573,44.6521502791955],[-63.5984059929583,44.6521871037725],[-63.5980048790143,44.6524673727762],[-63.597387656464,44.6528986345689],[-63.5973199378647,44.6529459510815],[-63.5973139434068,44.6529501393544],[-63.5972525336756,44.6529933225131],[-63.5963171053939,44.6536510905458],[-63.5962496886284,44.6536984313668],[-63.5962470835141,44.653700169535],[-63.5961803530615,44.6537446634288],[-63.5955656161497,44.6541766218482],[-63.595187829657,44.654439911311],[-63.5948980079935,44.6546418931133],[-63.5948936206216,44.6546449757556],[-63.5941523308492,44.6551657821113],[-63.5937765862271,44.6554297623297],[-63.5937708792301,44.6554337727774],[-63.5930245966213,44.655963302809],[-63.593021111158,44.6559657406225],[-63.5926425943349,44.6562304207433],[-63.592033515911,44.6566542632411],[-63.5919665366251,44.6567018744633],[-63.5919246886076,44.6567414323435],[-63.5918566794099,44.656797699429],[-63.5917849871062,44.6568516033197],[-63.5912433586854,44.6572362684352],[-63.5911559535066,44.6573067270064],[-63.5903499742539,44.6577832321173],[-63.5895335763405,44.658260250888],[-63.5892647303389,44.6586606504341],[-63.5875388735403,44.6605591724491],[-63.5875297592335,44.6605531490026],[-63.5868868682223,44.6601174976004],[-63.586377465964,44.6597622529705],[-63.5851168870753,44.6588486584738],[-63.5850834115202,44.6588257700107],[-63.5850468380224,44.6588054209087],[-63.5850075455787,44.6587878220405],[-63.5849659413615,44.6587731557789],[-63.5846710442166,44.6586864983569],[-63.5846269966494,44.6586700373582],[-63.5845846904901,44.6586514081065],[-63.5845443363417,44.6586307033374],[-63.58450613509,44.6586080261185],[-63.5843698543732,44.658520092408],[-63.5838047592623,44.6581480697905],[-63.5837648468751,44.658119762693],[-63.5837286665853,44.6580890221695],[-63.5836965103224,44.658056096254],[-63.5836686375473,44.6580212506139],[-63.5836385940371,44.6579797454589],[-63.5836062566291,44.6579391218404],[-63.5835716763591,44.6578994438736],[-63.5835349078027,44.6578607741816],[-63.583496008989,44.6578231737961],[-63.5834550413094,44.6577867020612],[-63.5834120694204,44.6577514165399],[-63.5833671611413,44.6577173729231],[-63.5821923489043,44.6569435748247],[-63.5821617974531,44.6569215950043],[-63.5821345632273,44.6568975096403],[-63.5821109313165,44.6568715708574],[-63.5820911491008,44.6568440501819],[-63.5820754236618,44.6568152357001],[-63.5820639196143,44.6567854290419],[-63.5820567573834,44.656754942224],[-63.5820540119438,44.6567240943834],[-63.5820481171989,44.656690118152],[-63.5820425817801,44.6566174453347],[-63.5820335007109,44.6565536545406],[-63.5819951606146,44.65633843222],[-63.5819764343342,44.6562946323575],[-63.5819381912559,44.6562411368485],[-63.5818892761921,44.6561926849566],[-63.5818308282064,44.6561491060799],[-63.5817354361064,44.6560975804922],[-63.5812829331382,44.6558880263999],[-63.580651820837,44.6556113338599],[-63.5805640329759,44.6555733682651],[-63.5804772521262,44.6555275811356],[-63.5803945199835,44.6554809261905],[-63.580285165369,44.6554034573384],[-63.5796031545238,44.654758170088],[-63.5794505918425,44.6546226636586],[-63.5792812144957,44.6544899922609],[-63.5792110102579,44.6544326372972],[-63.579083111721,44.6543241487527],[-63.5788978036509,44.6541466195145],[-63.5787704737476,44.6540023160602],[-63.5787012154358,44.6538853001289],[-63.5786484385146,44.6537864171215],[-63.5785995396204,44.653705474782],[-63.5785583940854,44.6536603239324],[-63.5791596957939,44.6533427818805],[-63.5791208475642,44.6533047920929],[-63.5790794084418,44.6532682139694],[-63.5790354796299,44.6532331368442],[-63.578989168412,44.653199646386],[-63.5789405878902,44.6531678243886],[-63.5788898567084,44.6531377485709],[-63.5788370987631,44.6531094923873],[-63.5787824429004,44.653083124848],[-63.5776877073862,44.6526269647123],[-63.5775106045279,44.6528329346997],[-63.5774881358719,44.6528547923924],[-63.5774619738546,44.6528744612737],[-63.5774325357184,44.6528916276588],[-63.5774002909547,44.6529060177736],[-63.577365753816,44.6529174021208],[-63.5773294751144,44.65292559914],[-63.5772920334373,44.6529304781034],[-63.5772540259198,44.6529319612],[-63.5772207884996,44.6529304304995],[-63.5771879916743,44.6529262993425],[-63.5771560362403,44.6529196182137],[-63.5771253127119,44.6529104687596],[-63.5770961965485,44.6528989627907],[-63.5770690435668,44.6528852409154],[-63.577044185592,44.6528694708214],[-63.5770219264033,44.652851845227],[-63.5766417800363,44.6524893987709],[-63.5765325467023,44.6523869274194],[-63.5764190481515,44.652286829216],[-63.5760546501497,44.6519629434475]]]},"properties":{"GLOBALID":"68ad4aa4-656a-4aab-9490-136bb1375812","OBJECTID":7,"PKNGZONE_ID":6,"ADDDATE":"Wed, 15 Jan 2020 13:30:06 GMT","MODDATE":"Mon, 20 Mar 2023 14:52:47 GMT","SDATE":"Mon, 16 Dec 2019 00:00:00 GMT","SOURCE":"PARKING","SACC":"DG"}},{"type":"Feature","id":8,"geometry":{"type":"Polygon","coordinates":[[[-63.5717145781951,44.6467096639402],[-63.5711233079734,44.646863328657],[-63.5710980401611,44.6467399743372],[-63.5709761306922,44.6460186713016],[-63.5709542289191,44.645921525702],[-63.5709253768702,44.6458253033437],[-63.5708896499666,44.6457302557629],[-63.5708471416005,44.6456366314264],[-63.5707650787027,44.6454858254527],[-63.570598781679,44.6452639835399],[-63.5703539135089,44.6450239262721],[-63.5703097598704,44.6449789806818],[-63.5702702724842,44.6449318885083],[-63.5702356565972,44.6448828945218],[-63.5702060921357,44.644832253378],[-63.5699070887917,44.6443032269731],[-63.5695295852682,44.6435970496555],[-63.568855406834,44.6424716075875],[-63.5688067100608,44.6423838347643],[-63.5681785639967,44.6411746813579],[-63.5681306232002,44.6411432973985],[-63.5680792071413,44.6411148343404],[-63.5680246663171,44.6410894862172],[-63.5679673725257,44.6410674258281],[-63.5679077163322,44.64104880356],[-63.5678461044056,44.641033746362],[-63.567782956747,44.6410223568802],[-63.5677187038263,44.6410147127572],[-63.5680558990446,44.6409322588463],[-63.569341031585,44.6406316984209],[-63.5691488325384,44.6403004551643],[-63.5704284988303,44.639982441118],[-63.5729704633865,44.6393281908619],[-63.5737990649129,44.6391154652252],[-63.5738879657867,44.6390926409129],[-63.5739772538344,44.6390705849022],[-63.5777857522113,44.6381297264627],[-63.5777936304363,44.6381277794474],[-63.5790254794056,44.6378434058402],[-63.580842542155,44.6374242621475],[-63.5832969164793,44.6368507470261],[-63.5849185938578,44.6364792182335],[-63.5856890995382,44.6381170778931],[-63.5863349046842,44.6393004972757],[-63.5868922554191,44.6403536176634],[-63.5873036389034,44.6411415186296],[-63.5879360357954,44.6423546380601],[-63.588523362413,44.6435004621722],[-63.5850314231558,44.6444487906458],[-63.5845178733758,44.6434924268431],[-63.5808631486093,44.6444110075665],[-63.5806399990079,44.6444774762671],[-63.5800322204462,44.6446241388103],[-63.5789757334001,44.6448892075148],[-63.578637250896,44.6449696866469],[-63.5773493533412,44.6452913566344],[-63.5770354155056,44.6453716639232],[-63.576364521312,44.6455246470451],[-63.5762420602776,44.6455530068212],[-63.5755653180515,44.6457261230357],[-63.5749372492425,44.6458851659841],[-63.5743087330725,44.6460497681732],[-63.5736148851269,44.6462306749925],[-63.5736089346864,44.646232226763],[-63.572980918878,44.6463903026242],[-63.5723448281136,44.6465528007042],[-63.5723401658572,44.6465539907292],[-63.5717247489207,44.6467071330668],[-63.5717145781951,44.6467096639402]]]},"properties":{"GLOBALID":"c3f4680c-ff9c-4555-946a-d66924670275","OBJECTID":8,"PKNGZONE_ID":7,"ADDDATE":"Wed, 15 Jan 2020 13:30:06 GMT","MODDATE":"Wed, 15 Jan 2020 13:30:31 GMT","SDATE":"Mon, 16 Dec 2019 00:00:00 GMT","SOURCE":"PARKING","SACC":"DG"}},{"type":"Feature","id":9,"geometry":{"type":"Polygon","coordinates":[[[-63.6008446584433,44.6327912449494],[-63.5983345337741,44.6333605683142],[-63.5977663152209,44.6335044321749],[-63.5962924475376,44.6338811061659],[-63.5951794708332,44.6341675198531],[-63.5937560435531,44.6345204601782],[-63.5928042587467,44.6347550909212],[-63.5902291436617,44.6353153818077],[-63.5880347723233,44.6357997773516],[-63.5849281258813,44.6364994815724],[-63.5849185938578,44.6364792182335],[-63.5846934760476,44.6365307944897],[-63.584265925583,44.6355607145606],[-63.5838785369982,44.6347497264092],[-63.5835143689652,44.6338428374053],[-63.5830476762088,44.6325926282194],[-63.5821903474578,44.6306675220643],[-63.5814589229838,44.6291613915963],[-63.580779568457,44.6279386508032],[-63.5808899731002,44.627931727123],[-63.5810005495244,44.6279263688877],[-63.5811112539097,44.6279225782213],[-63.5812220423854,44.6279203566261],[-63.5813328710477,44.6279197049828],[-63.5814436959767,44.6279206235496],[-63.5815544732539,44.6279231119624],[-63.58166515898,44.627927169235],[-63.5817757092917,44.6279327937592],[-63.5818860803794,44.6279399833055],[-63.5819962285046,44.6279487350243],[-63.5821061100172,44.6279590454467],[-63.5822156813726,44.6279709104859],[-63.5823248991493,44.6279843254392],[-63.5824337200657,44.6279992849892],[-63.5825421009977,44.6280157832065],[-63.5826499989954,44.6280338135518],[-63.5827573713003,44.6280533688784],[-63.5828641753622,44.6280744414354],[-63.5829703688562,44.6280970228703],[-63.5830759096994,44.6281211042327],[-63.5831807560673,44.6281466759776],[-63.5832848664108,44.6281737279692],[-63.5833881994724,44.6282022494853],[-63.5834907143026,44.628232229221],[-63.5835923702763,44.6282636552934],[-63.5836931271085,44.6282965152466],[-63.5837929448709,44.6283307960561],[-63.5838917840069,44.6283664841345],[-63.5839896053481,44.6284035653365],[-63.5840863701291,44.6284420249646],[-63.5841820400035,44.6284818477751],[-63.5876564513329,44.6268625399069],[-63.5881923835365,44.6270563135332],[-63.5902380774072,44.6277958535928],[-63.5923488982376,44.6293653844398],[-63.5931036528578,44.6299265782626],[-63.5951954096413,44.6309971370813],[-63.5954013663865,44.631060957262],[-63.6005437919934,44.632654219449],[-63.6008446584433,44.6327912449494]]]},"properties":{"GLOBALID":"95019069-61a4-4954-86e9-7a67b64b86b7","OBJECTID":9,"PKNGZONE_ID":9,"ADDDATE":"Wed, 15 Jan 2020 13:30:06 GMT","MODDATE":"Tue, 11 Feb 2025 17:41:16 GMT","SDATE":"Mon, 16 Dec 2019 00:00:00 GMT","SOURCE":"PARKING","SACC":"DG"}},{"type":"Feature","id":10,"geometry":{"type":"Polygon","coordinates":[[[-63.6010463805302,44.6803878808558],[-63.597927102877,44.6835334071211],[-63.5965168197462,44.6846368107366],[-63.595181142598,44.6852824468998],[-63.5927388290547,44.6857082906588],[-63.5918396073704,44.6844231144068],[-63.5910347213674,44.683257904222],[-63.5905381102205,44.6828318591399],[-63.5903399050379,44.6826738609011],[-63.5897451367765,44.6822905149013],[-63.5890198873217,44.6819275543525],[-63.5885035446796,44.6816519805831],[-63.5871803613003,44.6810262821978],[-63.5864316200026,44.6806303370962],[-63.5852469227042,44.6800433418479],[-63.5844139930947,44.6795082031791],[-63.5841664434535,44.6793721222337],[-63.5833521700558,44.6788770170938],[-63.582530653542,44.6783954967102],[-63.5817037633061,44.6779175800728],[-63.5810333991186,44.6775316935147],[-63.5802551975711,44.6770822271734],[-63.5799722336465,44.6769151950081],[-63.5793860505843,44.6765624001931],[-63.578639293665,44.676086621783],[-63.5777245598724,44.6754980141841],[-63.5776669464217,44.6754609405901],[-63.5765831928118,44.6747656835023],[-63.5757397421336,44.6742383610714],[-63.5749877830705,44.6737775021806],[-63.5745851213293,44.6735479954048],[-63.5745195613815,44.6734688303652],[-63.5744924929585,44.6734273490954],[-63.5744698364934,44.6733845514226],[-63.5744517174066,44.6733406742609],[-63.5744382360005,44.6732959605009],[-63.5744020985733,44.673069553923],[-63.5744292907008,44.6729846404802],[-63.5744515166937,44.672898999232],[-63.5744816407984,44.6727720864741],[-63.5746028423949,44.6722189889889],[-63.5746177681004,44.6721579569866],[-63.5746395880636,44.6720979836895],[-63.5746681592373,44.6720394622742],[-63.5747032943144,44.6719827764003],[-63.5747447629568,44.6719282976947],[-63.5747922933042,44.6718763833156],[-63.5748455737574,44.6718273736105],[-63.5749042550205,44.6717815898847],[-63.5758898748721,44.6711464578454],[-63.5766176566776,44.6706634658457],[-63.5769391771925,44.67046200238],[-63.5771267391357,44.6703421422898],[-63.5776200876015,44.6700270911233],[-63.5781345518664,44.6697640666506],[-63.5793948504808,44.6688546137298],[-63.5816747585022,44.6669685973988],[-63.5823398675453,44.6662455826242],[-63.5825291838982,44.6662651787829],[-63.5828046055676,44.6663933874078],[-63.5829423164024,44.6664574912945],[-63.5831300409406,44.6665489958666],[-63.5833176235449,44.6666494990567],[-63.583479704775,44.6667677970342],[-63.5836291763535,44.6668859925484],[-63.5838526053309,44.6671127791411],[-63.5842500227076,44.6675029561613],[-63.5842871428917,44.6675482527577],[-63.5845848203224,44.6678656301306],[-63.5869453871748,44.6673989406031],[-63.5864324177066,44.6690683904807],[-63.586556539726,44.6691953797073],[-63.5867172204826,44.6694036584557],[-63.5867420166794,44.6694308559701],[-63.5869891342309,44.6697568226689],[-63.5870635246179,44.6698384146767],[-63.5871380560404,44.6699110083151],[-63.5872251980128,44.6699837028012],[-63.5873124819191,44.6700473996016],[-63.587412375477,44.6701111959928],[-63.5875124109687,44.6701659934599],[-63.5877877212471,44.6703031890967],[-63.5881882899138,44.6704953828015],[-63.5886016128608,44.6706786767545],[-63.5891654188893,44.6709171680782],[-63.5896293322582,44.6710918619014],[-63.5900932474238,44.6712665539203],[-63.5903936485464,44.6714129430144],[-63.5906682680203,44.6715951244088],[-63.5910923887171,44.6718954924462],[-63.5915790061065,44.6722323539148],[-63.5919658655836,44.6724964231643],[-63.5922900954174,44.6727329937342],[-63.5925266128486,44.6729328682251],[-63.5928628971752,44.6732055321275],[-63.5931612115113,44.6734868928439],[-63.5933973139208,44.6737137602912],[-63.5938550917964,44.6742843768097],[-63.5939657893922,44.6744652498514],[-63.5941245486524,44.6747994990229],[-63.5942453352271,44.6751424466702],[-63.5942774823379,44.6752471407858],[-63.5942813468903,44.6752597288777],[-63.5942943311394,44.6753114884819],[-63.5943288498025,44.6754490999294],[-63.5944378684471,44.6757379555307],[-63.5945110146674,44.6759005317124],[-63.5945967741326,44.6760632064498],[-63.5947078966316,44.6762170827555],[-63.5948316314771,44.6763710589416],[-63.5949801706043,44.6765522308074],[-63.595227644787,44.6768601822667],[-63.5955122562218,44.6772134262427],[-63.5958104636585,44.6775037786303],[-63.5971093907284,44.6778789826537],[-63.6010463805302,44.6803878808558]]]},"properties":{"GLOBALID":"fc79272c-59ff-47a5-9c5b-8e9293d3ef1d","OBJECTID":10,"PKNGZONE_ID":1,"ADDDATE":"Wed, 15 Jan 2020 13:30:06 GMT","MODDATE":"Wed, 15 Jan 2020 13:30:31 GMT","SDATE":"Mon, 16 Dec 2019 00:00:00 GMT","SOURCE":"PARKING","SACC":"DG"}},{"type":"Feature","id":11,"geometry":{"type":"Polygon","coordinates":[[[-63.5719645964066,44.6265946883117],[-63.5760176027291,44.6254369511915],[-63.5719764002694,44.6237611519521],[-63.5748225694151,44.6209029872298],[-63.5752137893146,44.6203070852081],[-63.5795150046416,44.6225906571343],[-63.5827133843455,44.6248335846184],[-63.5833933658964,44.6253104792624],[-63.5834626646324,44.6253461105977],[-63.5844952573902,44.6257195142449],[-63.5865172968228,44.6264506500471],[-63.587650491011,44.6268603847318],[-63.5876564513329,44.6268625399069],[-63.5841820400035,44.6284818477751],[-63.5840863701246,44.6284420249718],[-63.5839896053396,44.6284035653505],[-63.583891783995,44.6283664841551],[-63.583792944856,44.6283307960827],[-63.5836931270912,44.6282965152788],[-63.5835923702569,44.6282636553309],[-63.5834907142816,44.6282322292632],[-63.5833881994502,44.6282022495319],[-63.5832848663878,44.6281737280196],[-63.5831807560439,44.6281466760314],[-63.5830759096759,44.6281211042894],[-63.5829703688329,44.6280970229295],[-63.5828641753393,44.6280744414965],[-63.5827573712781,44.628053368941],[-63.5826499989741,44.6280338136153],[-63.5825421009775,44.6280157832705],[-63.5824337200468,44.6279992850531],[-63.5823248991318,44.6279843255025],[-63.5822156813566,44.6279709105481],[-63.5821061100028,44.6279590455072],[-63.5819962284918,44.6279487350827],[-63.5818860803682,44.6279399833612],[-63.5817757092822,44.6279327938117],[-63.5816651589721,44.6279271692838],[-63.5815544732476,44.627923112007],[-63.5814436959717,44.6279206235893],[-63.5813328710441,44.6279197050172],[-63.581222042383,44.6279203566547],[-63.5811112539082,44.6279225782435],[-63.5810005495237,44.627926368903],[-63.5808899731,44.6279317271309],[-63.580779568457,44.6279386508032],[-63.5814589229838,44.6291613915963],[-63.5821903474578,44.6306675220643],[-63.5830787121035,44.63266231637],[-63.5835290887595,44.6338827241096],[-63.5838785369982,44.6347497264092],[-63.584286300272,44.6356033679579],[-63.5846934760476,44.6365307944897],[-63.5832969164793,44.6368507470261],[-63.580842542155,44.6374242621475],[-63.5790254794056,44.6378434058402],[-63.5777936304363,44.6381277794474],[-63.5777857522113,44.6381297264627],[-63.5739772538344,44.6390705849022],[-63.5738879657867,44.6390926409129],[-63.5737990649129,44.6391154652252],[-63.5729704633865,44.6393281908619],[-63.5704284988303,44.639982441118],[-63.5691488325384,44.6403004551643],[-63.569341031585,44.6406316984209],[-63.5680558990446,44.6409322588463],[-63.5677153611952,44.6410144212947],[-63.5676793898431,44.6410212639324],[-63.5676428596853,44.6410263933304],[-63.567605931711,44.6410297868837],[-63.5675687686623,44.6410314296371],[-63.5675315343177,44.6410313143512],[-63.5674943927696,44.6410294415341],[-63.5674575077017,44.641025819439],[-63.5674210416671,44.6410204640284],[-63.5673739521274,44.6410100585967],[-63.5673290628842,44.6409955420073],[-63.567287079712,44.6409771424953],[-63.5672486626944,44.6409551493449],[-63.5672144158461,44.6409299083413],[-63.5671848776155,44.6409018163341],[-63.5671605124199,44.6408713149983],[-63.5671417033429,44.6408388838899],[-63.5667391404163,44.6398993152355],[-63.5665936268151,44.6395624416634],[-63.5660236017498,44.6381539177714],[-63.5659527120975,44.6379787494828],[-63.5658317350799,44.6376981228261],[-63.5658175198538,44.6376606995387],[-63.5658066501383,44.637622712752],[-63.5657991692187,44.6375843137356],[-63.5657951068852,44.637545655401],[-63.5657944793149,44.6375068916925],[-63.5657972890069,44.6374681769746],[-63.5658035247725,44.6374296654168],[-63.5658131617798,44.63739151038],[-63.5658261616522,44.6373538638056],[-63.5658424726218,44.6373168756106],[-63.5658620297354,44.6372806930902],[-63.5658847551127,44.6372454603318],[-63.5659105582571,44.6372113176407],[-63.5659393364154,44.6371784009816],[-63.5659709749877,44.6371468414371],[-63.5660053479833,44.6371167646856],[-63.5665407825201,44.6367053713967],[-63.5668729031554,44.636450159826],[-63.5680195594965,44.6355647858309],[-63.5681174668793,44.6354805426322],[-63.56815735032,44.635434420266],[-63.5681913886081,44.6353859840459],[-63.568219318814,44.6353356081135],[-63.56824092519,44.6352836815946],[-63.568256040837,44.6352306055934],[-63.5682645489937,44.6351767900945],[-63.5682663839388,44.6351226507958],[-63.568261531498,44.6350686058974],[-63.5682510248025,44.634853349874],[-63.5682559714247,44.634821313614],[-63.5682632062894,44.6347894983925],[-63.5682727105888,44.6347579869174],[-63.5682844596151,44.6347268611074],[-63.5682984228254,44.6346962018785],[-63.5683145639205,44.6346660889341],[-63.5683328409396,44.6346366005575],[-63.5683532063694,44.6346078134083],[-63.5683955359221,44.6345551070135],[-63.5684362919464,44.6345017762362],[-63.5684754562658,44.6344478448595],[-63.5685130114136,44.6343933369343],[-63.5685489406408,44.6343382767687],[-63.5685832279235,44.634282688917],[-63.5686158579702,44.6342265981691],[-63.5686468162284,44.6341700295392],[-63.5686771268942,44.6340975436076],[-63.5687031386139,44.634024216714],[-63.5687248056099,44.6339501779021],[-63.5687420897508,44.6338755574688],[-63.5687542236658,44.6338056526056],[-63.5687625126557,44.6337354638181],[-63.5687669440784,44.6336650981558],[-63.5687675111751,44.6335946629379],[-63.5687432465807,44.63348867018],[-63.5687154330044,44.6333831196659],[-63.5686840863007,44.6332780715653],[-63.5686492243383,44.6331735857617],[-63.5686108669894,44.6330697218184],[-63.568569036119,44.6329665389444],[-63.568523755572,44.632864095961],[-63.5684750511596,44.6327624512679],[-63.5680950934388,44.6319490638183],[-63.5677751368908,44.6312496665627],[-63.567763532511,44.6312182892478],[-63.5677560954493,44.6311862779437],[-63.5677528906779,44.6311539123089],[-63.5677539461944,44.631121475098],[-63.5677592527778,44.6310892496912],[-63.5677687640681,44.631057517619],[-63.5677823969722,44.6310265561022],[-63.5678000323895,44.6309966356305],[-63.5678215162521,44.6309680175988],[-63.5678466608714,44.6309409520242],[-63.567875246577,44.630915675361],[-63.5679070236367,44.6308924084355],[-63.5679417144376,44.6308713545162],[-63.5679790159114,44.6308526975384],[-63.5680186021825,44.6308366004968],[-63.5680601274147,44.6308232040218],[-63.5683753399597,44.6307154256756],[-63.5693060017805,44.6303825716977],[-63.5674825565011,44.6280663387369],[-63.5674059639658,44.6280417451957],[-63.5673323177614,44.6280129520884],[-63.5719645964066,44.6265946883117]]]},"properties":{"GLOBALID":"0ce787f1-d74a-4b4b-983e-bd14841d400e","OBJECTID":11,"PKNGZONE_ID":8,"ADDDATE":"Wed, 15 Jan 2020 13:30:06 GMT","MODDATE":"Tue, 11 Feb 2025 17:41:16 GMT","SDATE":"Mon, 16 Dec 2019 00:00:00 GMT","SOURCE":"PARKING","SACC":"DG"}},{"type":"Feature","id":12,"geometry":{"type":"Polygon","coordinates":[[[-63.5934419727669,44.6638534138211],[-63.5930307446911,44.663523509458],[-63.5926671524781,44.6637513717324],[-63.5921213576711,44.6633757190803],[-63.5917391856031,44.6631069402625],[-63.5916030099892,44.6631978795611],[-63.5915661359434,44.6632334953003],[-63.59155568674,44.6632646410844],[-63.5915552160228,44.6632947869315],[-63.5915618851155,44.6633199491371],[-63.5915754963887,44.6633527266918],[-63.5916381628629,44.6634097431471],[-63.5917549294768,44.6635151593573],[-63.5917729595628,44.6635476115895],[-63.5917761378023,44.6635702262968],[-63.5917686844804,44.6635952759323],[-63.5917578175604,44.6636128290717],[-63.5917313981079,44.6636330484314],[-63.591677308748,44.6636722182295],[-63.5916630266617,44.6636802980227],[-63.5916468307998,44.6636862793854],[-63.591629322602,44.6636899401982],[-63.5916111522418,44.6636911445156],[-63.5915929944825,44.6636898476152],[-63.5915755236193,44.6636860976576],[-63.5915593884396,44.6636800338986],[-63.5915451881293,44.6636718815173],[-63.5914698805624,44.6636227068233],[-63.5914005252326,44.663577150951],[-63.5913774137635,44.6635683546454],[-63.5913535084133,44.6635607065762],[-63.5913289217875,44.6635542427698],[-63.5913037697009,44.6635489936744],[-63.5912781706319,44.6635449840159],[-63.5912522451641,44.6635422326821],[-63.5912261154191,44.6635407526332],[-63.5911999044802,44.663540550841],[-63.5911146884957,44.6635491590632],[-63.5910869331187,44.663550330464],[-63.5910592032778,44.6635488851483],[-63.5910319845077,44.6635448484224],[-63.5910057533944,44.6635382909668],[-63.5909728796773,44.6635256985349],[-63.5909421248246,44.6635106396069],[-63.5908408667257,44.6634569699397],[-63.5907097845595,44.6633902054432],[-63.5905907344281,44.6633221074305],[-63.5904062537064,44.6632134860085],[-63.5897521463306,44.662796805328],[-63.5896868738438,44.662746279188],[-63.5896196681824,44.6626914523438],[-63.5895585333357,44.6626323873987],[-63.5894928107929,44.662564012476],[-63.5882605360222,44.661787664502],[-63.5888094237287,44.6613686088274],[-63.588303513222,44.6610596824348],[-63.5878941204043,44.6607939579432],[-63.5875388735403,44.6605591724491],[-63.5892647303389,44.6586606504341],[-63.5895335763405,44.658260250888],[-63.5903499742539,44.6577832321173],[-63.5911559535066,44.6573067270064],[-63.5912433586854,44.6572362684352],[-63.5917849871062,44.6568516033197],[-63.5918566794099,44.656797699429],[-63.5919246886076,44.6567414323435],[-63.5919665366251,44.6567018744633],[-63.592033515911,44.6566542632411],[-63.5926425943349,44.6562304207433],[-63.593021111158,44.6559657406225],[-63.5930245966213,44.655963302809],[-63.5937708792301,44.6554337727774],[-63.5937765862271,44.6554297623297],[-63.5941523308492,44.6551657821113],[-63.5948936206216,44.6546449757556],[-63.5948980079935,44.6546418931133],[-63.595187829657,44.654439911311],[-63.5955656161497,44.6541766218482],[-63.5961803530615,44.6537446634288],[-63.5962470835141,44.653700169535],[-63.5962496886284,44.6536984313668],[-63.5963171053939,44.6536510905458],[-63.5972525336756,44.6529933225131],[-63.5973139434068,44.6529501393544],[-63.5973199378647,44.6529459510815],[-63.597387656464,44.6528986345689],[-63.5980048790143,44.6524673727762],[-63.5983639706677,44.6522164667932],[-63.6027152895297,44.6542619478893],[-63.6036195013553,44.6546409358583],[-63.6044860063969,44.6550357229826],[-63.6053305422399,44.6554332545376],[-63.6060492762139,44.6559320106038],[-63.606749256958,44.6564291859615],[-63.6071358478389,44.656701117249],[-63.606988187264,44.6566919789185],[-63.6069222544615,44.6566911197618],[-63.6068563408926,44.6566925414809],[-63.6067906024054,44.6566962407142],[-63.606725194434,44.6567022087145],[-63.6066602716312,44.6567104313704],[-63.6065959875024,44.6567208892388],[-63.6065324940431,44.6567335575917],[-63.6064699413792,44.6567484064743],[-63.6064084774121,44.6567654007756],[-63.6063482474692,44.656784500312],[-63.6062893939601,44.6568056599218],[-63.6062320560399,44.6568288295724],[-63.6061763692801,44.6568539544784],[-63.6061224653482,44.6568809752311],[-63.6060704716964,44.6569098279392],[-63.6060205112602,44.6569404443798],[-63.6046221802142,44.6579729337573],[-63.6040750648837,44.6583770132616],[-63.6030033073761,44.6591787459872],[-63.602728610647,44.6593810288516],[-63.602479978536,44.6595783443149],[-63.6023831581146,44.6596595231812],[-63.6022737298383,44.6597517170654],[-63.602156486219,44.659850495334],[-63.6019901595509,44.6599781168814],[-63.6017340013543,44.6601684828886],[-63.6010727802198,44.6606622622933],[-63.6009334254681,44.6607209886825],[-63.6000777810583,44.6613497362196],[-63.5998225319568,44.6615446732156],[-63.599784065198,44.6615756748663],[-63.5997645888244,44.6616328924201],[-63.5996370370372,44.6617414791058],[-63.5986447247367,44.6624999062005],[-63.5976966275144,44.6631543717589],[-63.5969464884381,44.6636113410196],[-63.5961747340994,44.6640753437225],[-63.5947716105414,44.6649230834369],[-63.5947660661395,44.6649185784912],[-63.5936302183279,44.664018665271],[-63.5935600266666,44.6639570491952],[-63.5936084180126,44.6639248342315],[-63.5934419727669,44.6638534138211]]]},"properties":{"GLOBALID":"f82a0558-8f2f-4377-8e20-5b2341a3260e","OBJECTID":12,"PKNGZONE_ID":5,"ADDDATE":"Wed, 15 Jan 2020 13:30:06 GMT","MODDATE":"Wed, 15 Jan 2020 13:30:31 GMT","SDATE":"Mon, 16 Dec 2019 00:00:00 GMT","SOURCE":"PARKING","SACC":"DG"}},{"type":"Feature","id":13,"geometry":{"type":"MultiPolygon","coordinates":[[[[-63.5281482677005,44.6660832023319],[-63.5298189823136,44.6653389214539],[-63.5303474072964,44.6661457866298],[-63.5290527076982,44.6668707346443],[-63.5281482677005,44.6660832023319]]],[[[-63.5642198798807,44.6745928475301],[-63.5631606978888,44.6739766116088],[-63.5629807680323,44.6741838300042],[-63.5624562758739,44.6748547091932],[-63.5609398603855,44.6758405571772],[-63.5599980028613,44.6755675575313],[-63.5591259354514,44.6759944219372],[-63.5580659548572,44.677172077795],[-63.557049687183,44.6781523521127],[-63.5568790054824,44.6782570427066],[-63.5560810374054,44.6782793865891],[-63.5552859690901,44.6784227027802],[-63.5546379684616,44.6786333986425],[-63.5544322120408,44.6787829360802],[-63.5543261847861,44.6786524233964],[-63.5537544169892,44.6784316281722],[-63.5535690720882,44.6781245237605],[-63.5532196696635,44.6780629827229],[-63.5528225424427,44.6778244249904],[-63.5521496378196,44.6774237438785],[-63.5508895826486,44.6766825355083],[-63.5509119668689,44.6766615420284],[-63.5507127699462,44.6765446612572],[-63.5508406523134,44.6764327729696],[-63.5500329447021,44.6759576425029],[-63.5506061039894,44.6754628940178],[-63.551230026175,44.6749085286461],[-63.5504129590168,44.6735376108487],[-63.5492520122762,44.6723338565973],[-63.5478363581182,44.6717883346847],[-63.54746680738,44.6717285239069],[-63.5474318458475,44.6717042520528],[-63.5465288431542,44.670958618093],[-63.545631214183,44.6702168868605],[-63.5445626888138,44.6693307377243],[-63.5444338820801,44.6692601008292],[-63.5443398302665,44.6693112710129],[-63.5441394098384,44.6695411286893],[-63.5439340001672,44.6694762634991],[-63.5434412418945,44.6692466681374],[-63.5431934389285,44.6691091020149],[-63.5436842433654,44.6687427604261],[-63.5442201872471,44.66805286531],[-63.5447521524903,44.667604458821],[-63.5450189736893,44.6673289370415],[-63.5451642806781,44.6672395803483],[-63.545521385258,44.6671338802182],[-63.545750200534,44.6671116400098],[-63.5462392954769,44.6672123351671],[-63.5465698853829,44.6672980969102],[-63.5466694618355,44.6673301803063],[-63.5468207902317,44.6673651188476],[-63.5469738847157,44.6673959186937],[-63.5471285234036,44.6674225344905],[-63.5472844790218,44.6674449272722],[-63.5474415242964,44.6674630650997],[-63.5475994292587,44.6674769205049],[-63.5477579630417,44.6674864736857],[-63.5479168956767,44.6674917105889],[-63.5480759927034,44.6674926241879],[-63.5482350223565,44.6674892125663],[-63.5483937528706,44.6674814801955],[-63.5485860803763,44.6674832045341],[-63.5487782147442,44.667489567145],[-63.5489699349888,44.6675005616378],[-63.5491610201244,44.6675161745934],[-63.5493512509622,44.6675363887584],[-63.5495404083133,44.6675611798505],[-63.5497282747853,44.6675905203919],[-63.5499146329859,44.6676243758764],[-63.5500992700145,44.6676627073245],[-63.5502819720719,44.6677054706446],[-63.5504625298508,44.6677526172723],[-63.5506407349419,44.6678040922535],[-63.5508163816311,44.6678598367999],[-63.550989269594,44.6679197863728],[-63.5511132981887,44.6679560419196],[-63.5512398267948,44.6679876259902],[-63.5513685086626,44.6680144517051],[-63.5514989907542,44.6680364462394],[-63.5516309128453,44.6680535489055],[-63.551763913813,44.6680657124309],[-63.5518976289413,44.6680729035975],[-63.5520316899211,44.6680751026018],[-63.552165728443,44.6680723036947],[-63.5522993761976,44.668064513903],[-63.5524322675709,44.6680517555854],[-63.55256403605,44.6680340625989],[-63.552633118292,44.6680224497766],[-63.5527122751399,44.6680132212325],[-63.5527921739962,44.6680081722056],[-63.552872379178,44.6680073308076],[-63.5529524523075,44.6680107008718],[-63.5530319577017,44.6680182651479],[-63.5531104614744,44.6680299821075],[-63.5531875351292,44.6680457872217],[-63.5532627582544,44.6680655942392],[-63.553292443083,44.6680455386996],[-63.5533859334496,44.6679823737988],[-63.5534308510104,44.6679383124879],[-63.5534657289996,44.6679123996913],[-63.5535043439804,44.6678893228539],[-63.5535462432019,44.6678693535016],[-63.5540923191816,44.6676982883768],[-63.5544295835702,44.6675966434113],[-63.5545295247388,44.6675594376256],[-63.5546262643118,44.6675181736494],[-63.5547194779973,44.6674729894725],[-63.5548088513849,44.6674240384169],[-63.55486740627,44.6673858205319],[-63.5549219286179,44.6673446957085],[-63.5549721336625,44.6673008792438],[-63.5550177599941,44.6672545985741],[-63.5550585695591,44.6672060964692],[-63.5551015009449,44.6671355547342],[-63.5551387486898,44.6670633971727],[-63.5551701924197,44.6669898556944],[-63.5552289575106,44.6668231816056],[-63.5552630881015,44.6667249953279],[-63.5553040593633,44.6666281416083],[-63.5553517679898,44.6665328606765],[-63.5554060963015,44.6664393889304],[-63.555466908653,44.6663479602136],[-63.5555413637187,44.6662520303438],[-63.5556937413471,44.6662977214762],[-63.5557455238333,44.6662102728492],[-63.5559233731916,44.6659069293904],[-63.5559582817235,44.665838563441],[-63.5559871185425,44.6657687809709],[-63.5560097704607,44.6656978528687],[-63.5560295046508,44.6656336235563],[-63.55605385169,44.6655701998277],[-63.5560827495943,44.6655077497168],[-63.5560912009445,44.665429370407],[-63.5560949981232,44.6653508069868],[-63.5560941348423,44.6652722000147],[-63.5560886102032,44.6651936881329],[-63.5560784367827,44.6651154119014],[-63.5560407317952,44.6650686573344],[-63.5561229896275,44.6649846524846],[-63.5564617416262,44.6646249608208],[-63.5564939210763,44.6645956373067],[-63.5565308741738,44.6645693134728],[-63.5565720520481,44.6645463803377],[-63.5568784629,44.6643840278703],[-63.5571277822222,44.6642598252774],[-63.557175540256,44.6642284672688],[-63.5573367600017,44.6644310526112],[-63.5574360283322,44.6645308694472],[-63.5575480509431,44.6646217911781],[-63.557747317036,44.6647764313321],[-63.5579719488577,44.6649222803286],[-63.558209335858,44.6650592340922],[-63.5584596244625,44.6651782949743],[-63.5591494892782,44.6654089740587],[-63.559689357001,44.6655574166827],[-63.5603925671885,44.6657431994322],[-63.5605937341166,44.6657808529743],[-63.5608076562235,44.6658096117411],[-63.5610091142057,44.6658292681037],[-63.5612234728937,44.6658310301864],[-63.561362321894,44.6658231717314],[-63.5615011690975,44.6658153132753],[-63.561615088052,44.6657892500271],[-63.5616403073553,44.6657894576694],[-63.5617794447147,44.665763601413],[-63.5620962733288,44.6656672067344],[-63.56218497298,44.6656409357769],[-63.562550254924,44.6655018577594],[-63.564379630881,44.6666363392047],[-63.5641618999173,44.6668789807619],[-63.5641105890466,44.6670029062167],[-63.5640846681591,44.6671622339001],[-63.5640714413649,44.6673621448526],[-63.5639850629604,44.6675795514714],[-63.5636327598756,44.6681232123501],[-63.5636043290952,44.6681751386852],[-63.5636980287693,44.6682001173327],[-63.5646654388717,44.668550870761],[-63.5655461965837,44.6690769384678],[-63.564581396087,44.6699146663916],[-63.5642698423802,44.6701930634853],[-63.5649763619613,44.6706279696635],[-63.5659849113105,44.6712509266427],[-63.5668344588545,44.6717749287711],[-63.567672616659,44.6722954899087],[-63.5685099255555,44.6728049928369],[-63.569356263419,44.6733334494327],[-63.568077747869,44.6744710406054],[-63.5670209553957,44.675440343358],[-63.5663876799513,44.6760134347819],[-63.56548690508,44.6755445271796],[-63.5642198798807,44.6745928475301]]]]},"properties":{"GLOBALID":"eebc6ec8-4d3a-4d5a-a886-117a8f4859a9","OBJECTID":13,"PKNGZONE_ID":3,"ADDDATE":"Wed, 15 Jan 2020 13:30:06 GMT","MODDATE":"Wed, 26 Nov 2025 18:57:21 GMT","SDATE":"Mon, 16 Dec 2019 00:00:00 GMT","SOURCE":"PARKING","SACC":"DG"}},{"type":"Feature","id":14,"geometry":{"type":"Polygon","coordinates":[[[-63.5947716105414,44.6649230834369],[-63.5961747340994,44.6640753437225],[-63.5969464884381,44.6636113410196],[-63.5976966275144,44.6631543717589],[-63.5986447247367,44.6624999062005],[-63.5996370370372,44.6617414791058],[-63.5997645888244,44.6616328924201],[-63.599784065198,44.6615756748663],[-63.5998225319568,44.6615446732156],[-63.6000777810583,44.6613497362196],[-63.6009334254681,44.6607209886825],[-63.6010727802198,44.6606622622933],[-63.6017340013543,44.6601684828886],[-63.6019901595509,44.6599781168814],[-63.602156486219,44.659850495334],[-63.6022737298383,44.6597517170654],[-63.6023456184172,44.6596911494712],[-63.6031117196578,44.6602061656101],[-63.6036646102573,44.6605694813779],[-63.6044202227687,44.661031604351],[-63.6045541966118,44.6610216603458],[-63.6046713374362,44.6610596298602],[-63.604791107608,44.6610931937826],[-63.6049131798863,44.6611222604158],[-63.6050372207401,44.6611467503498],[-63.6051642530169,44.6611683564018],[-63.6052919577729,44.6611878539779],[-63.6054202658438,44.6612052325205],[-63.6055491077385,44.6612204826194],[-63.6057878610763,44.6612585103286],[-63.6058924271667,44.661275301052],[-63.6059960187673,44.6612949110274],[-63.6060984856893,44.6613173118213],[-63.6061996793748,44.6613424709535],[-63.6062994531118,44.6613703519441],[-63.6063976622466,44.6614009143672],[-63.6064941643944,44.6614341139087],[-63.6065888196449,44.6614699024308],[-63.6074560837629,44.6618534698743],[-63.6076503004257,44.6618734106298],[-63.6077472107322,44.6619069550082],[-63.6078451811917,44.6619389034555],[-63.607944159863,44.6619692390364],[-63.6080440942702,44.66199794567],[-63.6081449314308,44.6620250081396],[-63.6082466178838,44.6620504120995],[-63.6083490997177,44.6620741440836],[-63.6084523225995,44.6620961915117],[-63.609810879838,44.6623729189179],[-63.6101255498006,44.6624379198444],[-63.6102186982508,44.6624582062709],[-63.6103112474172,44.6624798358147],[-63.6104031590216,44.6625027995283],[-63.6104943950497,44.6625270879123],[-63.6105849177664,44.6625526909196],[-63.6106746897317,44.6625795979589],[-63.6107636738162,44.6626077978999],[-63.6108518332162,44.6626372790771],[-63.6109391696016,44.662668042357],[-63.6110256091353,44.6627000614373],[-63.6111111161271,44.6627333230954],[-63.6111956552721,44.662767813596],[-63.6112791916648,44.662803518696],[-63.6113616908137,44.6628404236508],[-63.6114431186559,44.6628785132205],[-63.6115234415704,44.662917771676],[-63.6120135120837,44.6631770869312],[-63.6125035870887,44.6634364010265],[-63.6126662844475,44.6635182049541],[-63.6128316761157,44.6635972282844],[-63.6129996681797,44.6636734261573],[-63.6131701652492,44.6637467553171],[-63.6133430705117,44.6638171741363],[-63.613518285787,44.6638846426402],[-63.6136957115834,44.6639491225287],[-63.6138752471539,44.6640105771984],[-63.6145595765508,44.6642336309909],[-63.6159711981714,44.66469372816],[-63.6178789602218,44.665531592268],[-63.6186111644334,44.6658065648318],[-63.6187313622424,44.665891160051],[-63.6188491639674,44.665977443238],[-63.6189645227481,44.6660653800628],[-63.6190773926962,44.6661549355378],[-63.6191877289133,44.6662460740314],[-63.6192954875091,44.6663387592823],[-63.6194006256183,44.6664329544143],[-63.6195031014182,44.6665286219502],[-63.6196028741452,44.6666257238274],[-63.6196999041109,44.6667242214128],[-63.6197941527177,44.6668240755182],[-63.6198855824748,44.6669252464159],[-63.6199741570125,44.6670276938545],[-63.6200598410967,44.667131377075],[-63.6201426006434,44.6672362548267],[-63.6202224027319,44.6673422853843],[-63.6202992156176,44.6674494265637],[-63.6203730087455,44.6675576357394],[-63.6204437527613,44.6676668698612],[-63.6205114195241,44.6677770854714],[-63.6205759821167,44.667888238722],[-63.6206374148568,44.6680002853922],[-63.6206956933073,44.6681131809062],[-63.6207507942857,44.6682268803505],[-63.6208026958733,44.6683413384923],[-63.6208513774245,44.6684565097972],[-63.6208968195741,44.668572348447],[-63.620939004246,44.6686888083588],[-63.6209779146594,44.6688058432025],[-63.6210135353363,44.6689234064197],[-63.6210458521072,44.669041451242],[-63.6210748521168,44.6691599307098],[-63.6211005238293,44.6692787976908],[-63.6211228570328,44.6693980048987],[-63.6211418428433,44.6695175049126],[-63.6211574737086,44.6696372501949],[-63.6211697434109,44.6697571931109],[-63.6211786470695,44.6698772859478],[-63.6211841811424,44.6699974809333],[-63.6211863434284,44.6701177302545],[-63.6211851330674,44.6702379860776],[-63.6211805505408,44.6703582005663],[-63.6211725976714,44.6704783259011],[-63.6211612776229,44.6705983142983],[-63.6211465948982,44.6707181180287],[-63.6211285553379,44.6708376894372],[-63.621107166118,44.6709569809613],[-63.6210824357469,44.67107594515],[-63.6210543740619,44.6711945346829],[-63.6210229922258,44.671312702389],[-63.6209883027218,44.6714304012651],[-63.620950319349,44.6715475844952],[-63.6209090572168,44.6716642054682],[-63.6208645327388,44.6717802177973],[-63.6208167636262,44.6718955753379],[-63.6207657688812,44.6720102322061],[-63.6207115687887,44.6721241427971],[-63.620654184909,44.6722372618031],[-63.6205936400688,44.6723495442314],[-63.620529958352,44.6724609454224],[-63.6204631650904,44.6725714210672],[-63.6203932868538,44.6726809272253],[-63.6203203514388,44.6727894203419],[-63.6202443878582,44.6728968572657],[-63.6192625822533,44.6736593596869],[-63.6191924007097,44.6737110216853],[-63.6191205935803,44.6737615413415],[-63.6190471976215,44.6738108927986],[-63.6189722504033,44.6738590507977],[-63.6188957902893,44.6739059906908],[-63.618817856418,44.6739516884534],[-63.618738488682,44.6739961206967],[-63.6186577277079,44.6740392646798],[-63.6184479739706,44.6741464738003],[-63.6182347016409,44.6742501128949],[-63.6180180308384,44.6743501236111],[-63.6177980835965,44.6744464496398],[-63.6175749837943,44.6745390367466],[-63.617348857086,44.6746278328027],[-63.617119830831,44.6747127878136],[-63.6168880340218,44.6747938539481],[-63.6160694082865,44.6750592114779],[-63.6159849337664,44.6750834997661],[-63.6158994692221,44.6751059685119],[-63.6158130921378,44.6751265973468],[-63.6157258808249,44.67514536757],[-63.6156379143514,44.675162262166],[-63.6155492724697,44.6751772658192],[-63.6154600355446,44.6751903649286],[-63.6153702844806,44.6752015476193],[-63.615280100648,44.6752108037541],[-63.6151895658097,44.6752181249421],[-63.6150987620467,44.6752235045463],[-63.6150077716838,44.6752269376902],[-63.6149166772151,44.6752284212613],[-63.614825561229,44.675227953915],[-63.6147345063335,44.6752255360747],[-63.614643595081,44.6752211699324],[-63.6145458581802,44.6752148661264],[-63.6144483747833,44.675206818576],[-63.614351206404,44.6751970323587],[-63.6142544143572,44.6751855136488],[-63.6141073086156,44.6751672812976],[-63.613960570199,44.6751476090086],[-63.6138142269793,44.6751265005171],[-63.6136683067535,44.6751039598308],[-63.612383806627,44.6750040494123],[-63.6122404891679,44.6749921730438],[-63.6120975763557,44.6749780444808],[-63.6119551381729,44.6749616706399],[-63.6118132443692,44.6749430595375],[-63.6104341211007,44.6747487623197],[-63.6102897009014,44.6747277112032],[-63.6101445566094,44.6747093502743],[-63.6099987873054,44.6746936920696],[-63.6098524924969,44.67468074728],[-63.6096854561896,44.6746662311579],[-63.609519034246,44.6746485022688],[-63.6093533488437,44.6746275736252],[-63.6091885216193,44.6746034605883],[-63.6084918610484,44.6744981054261],[-63.6070535289212,44.674278740628],[-63.6063720624551,44.6741532452103],[-63.6062828093494,44.674136285996],[-63.606194436038,44.6741171381168],[-63.6061070486194,44.674095824559],[-63.6060207520087,44.6740723709088],[-63.6054980870236,44.6739215737194],[-63.6052950283547,44.6738589559004],[-63.6050942763371,44.6737926835256],[-63.604547170888,44.67360742485],[-63.6043868927864,44.6735517106434],[-63.6042285665393,44.673493242216],[-63.6040722857164,44.6734320541136],[-63.6039181426783,44.6733681824896],[-63.6036835449689,44.6732738545438],[-63.6034474186441,44.6731814753887],[-63.6032097957193,44.6730910575591],[-63.6029707084127,44.6730026133236],[-63.6023493482223,44.67278628238],[-63.6022989004343,44.6727658068708],[-63.6022493763906,44.6727442210323],[-63.6022008243982,44.6727215459185],[-63.602153291816,44.6726978036462],[-63.6021068250084,44.6726730173728],[-63.6020614693003,44.6726472112742],[-63.6020172689328,44.6726204105209],[-63.6019742670201,44.6725926412536],[-63.6019325055072,44.672563930558],[-63.6018920251293,44.6725343064376],[-63.6018528653722,44.6725037977872],[-63.6018150644331,44.6724724343644],[-63.601778659184,44.6724402467604],[-63.6017436851356,44.6724072663706],[-63.6017101764023,44.6723735253634],[-63.6016781656695,44.6723390566493],[-63.6010083287931,44.6716327652059],[-63.600948089831,44.6715699094761],[-63.600892602909,44.6715048789365],[-63.6008420229019,44.6714378550929],[-63.600796490988,44.671369025015],[-63.6007561342558,44.6712985808147],[-63.6007210653486,44.6712267191099],[-63.6006913821504,44.6711536404753],[-63.6006671675128,44.6710795488834],[-63.6006423503971,44.6710112210424],[-63.6006110766461,44.6709442468238],[-63.6005734901639,44.6708789344098],[-63.6005297639019,44.6708155843368],[-63.5995997641394,44.6696729057478],[-63.5995835557695,44.6696505452491],[-63.5995696156966,44.669627424276],[-63.599558013979,44.6696036590259],[-63.599548808923,44.6695793689345],[-63.5995420467904,44.6695546760752],[-63.5995377615652,44.6695297045459],[-63.5995359747837,44.6695045798448],[-63.5995366954257,44.6694794282404],[-63.5995399198694,44.6694543761365],[-63.5995456319098,44.6694295494368],[-63.5995538028401,44.6694050729126],[-63.5995643915959,44.6693810695754],[-63.5995773449616,44.6693576600587],[-63.5995925978377,44.6693349620118],[-63.5996100735685,44.6693130895085],[-63.5996296843266,44.669292152474],[-63.5997636653563,44.6691666085653],[-63.5997950924991,44.669140222255],[-63.5998233682647,44.6691120904632],[-63.5998483018359,44.6690824030329],[-63.5998697249503,44.6690513603057],[-63.5998801598032,44.6690239394831],[-63.5998849517792,44.6689957373529],[-63.599884001619,44.6689673380837],[-63.5998773290038,44.6689393299287],[-63.599865072148,44.6689122930402],[-63.5998474849359,44.6688867874531],[-63.5998249316631,44.6688633414837],[-63.5997978794905,44.6688424407869],[-63.5995749302134,44.6686948364636],[-63.5993439598791,44.6685263324455],[-63.5989477417534,44.6682553229291],[-63.5989251971219,44.6682348356891],[-63.5989048598114,44.6682132115706],[-63.5988868427112,44.6681905706047],[-63.5988712458317,44.6681670384669],[-63.5988581557489,44.6681427457798],[-63.5988476451239,44.6681178273877],[-63.5988397722996,44.6680924216081],[-63.598834580977,44.6680666694643],[-63.5986051656265,44.6679532538677],[-63.5985605443384,44.6679306810526],[-63.5985171370169,44.6679069411362],[-63.5984767910761,44.6678838560222],[-63.5984376271311,44.6678597633291],[-63.5983856533147,44.6678264954518],[-63.5983356961941,44.6677916999551],[-63.5969247069874,44.6666725118598],[-63.5947716105414,44.6649230834369]]]},"properties":{"GLOBALID":"110727d1-34e2-49b6-a846-b27ccad32b4e","OBJECTID":14,"PKNGZONE_ID":4,"ADDDATE":"Wed, 15 Jan 2020 13:30:06 GMT","MODDATE":"Wed, 15 Jan 2020 13:30:31 GMT","SDATE":"Mon, 16 Dec 2019 00:00:00 GMT","SOURCE":"PARKING","SACC":"DG"}},{"type":"Feature","id":15,"geometry":{"type":"Polygon","coordinates":[[[-63.6071358478389,44.656701117249],[-63.606749256958,44.6564291859615],[-63.6060492762139,44.6559320106038],[-63.6053305422399,44.6554332545376],[-63.6044860063969,44.6550357229826],[-63.6036195013553,44.6546409358583],[-63.6027152895297,44.6542619478893],[-63.5983639706677,44.6522164667932],[-63.5984059929583,44.6521871037725],[-63.5983300637573,44.6521502791955],[-63.5975732987074,44.6517832520925],[-63.5974730853493,44.6517282538398],[-63.5969500484616,44.6513914476767],[-63.5969083035487,44.651364161413],[-63.5968680026281,44.6513357977288],[-63.5968292006099,44.6513063952678],[-63.5967919503615,44.6512759940894],[-63.5958936036363,44.6505488929664],[-63.5956709552948,44.6503686827797],[-63.5957873859388,44.6503395226867],[-63.5965425573774,44.650151986812],[-63.5966710119714,44.6501198587604],[-63.5977619853413,44.649853699411],[-63.5995064148083,44.6494279839151],[-63.6014950791332,44.6489512976686],[-63.602386806173,44.6487428227346],[-63.6033421366299,44.6485057401268],[-63.6038100816378,44.6483894339997],[-63.6043399690778,44.6482508616619],[-63.6050607116848,44.6480679569427],[-63.6053045988945,44.6480056739561],[-63.6062679072894,44.6477658696132],[-63.6068624267175,44.6476147771064],[-63.6070440752821,44.6475672314927],[-63.6072232449329,44.647515142051],[-63.6073334792362,44.6474794640181],[-63.6074406309897,44.6474393130728],[-63.6075443419919,44.647394823428],[-63.6076442655436,44.6473461438],[-63.6077675000275,44.6472792866161],[-63.6094857741468,44.6484033604288],[-63.6102030375787,44.6488790989409],[-63.6109358068306,44.6493635135392],[-63.611664425866,44.6498559821862],[-63.6123924861493,44.6503440645531],[-63.6130913377111,44.6508418271882],[-63.6138005046273,44.6513437074782],[-63.6150157320689,44.652213021042],[-63.6127546778887,44.6534404374185],[-63.6105444324209,44.6547311145813],[-63.6104260254833,44.6548162826076],[-63.6087959380772,44.6560030433101],[-63.6085863090191,44.6561527541618],[-63.6081083567789,44.6564940913113],[-63.6080762168547,44.6565117117789],[-63.6080440733372,44.6565293341581],[-63.6080024324219,44.6565498924322],[-63.6079597084839,44.6565692937246],[-63.6079159650196,44.6565875092022],[-63.6078712670405,44.6566045117945],[-63.6078256809769,44.656620276233],[-63.6077792745789,44.6566347790898],[-63.6077321168158,44.6566479988116],[-63.6076842777734,44.6566599157521],[-63.6076358285503,44.6566705122012],[-63.6075868411517,44.6566797724111],[-63.6075373883828,44.6566876826199],[-63.6074875437405,44.656694231072],[-63.6074373813038,44.6566994080356],[-63.6073869756243,44.6567032058169],[-63.6073364016149,44.6567056187722],[-63.607285734439,44.6567066433152],[-63.6072489942422,44.6567060694938],[-63.6072046938239,44.6567053774576],[-63.6071358478389,44.656701117249]]]},"properties":{"GLOBALID":"59e07ce4-6273-4594-bf11-41c70c9a69f1","OBJECTID":15,"PKNGZONE_ID":12,"ADDDATE":"Wed, 15 Jan 2020 13:30:06 GMT","MODDATE":"Wed, 15 Jan 2020 13:30:31 GMT","SDATE":"Mon, 16 Dec 2019 00:00:00 GMT","SOURCE":"PARKING","SACC":"DG"}},{"type":"Feature","id":16,"geometry":{"type":"Polygon","coordinates":[[[-63.6077675000275,44.6472792866161],[-63.607395195953,44.6470941036188],[-63.6073350697862,44.6470630113931],[-63.6072770422205,44.6470299624329],[-63.6072212389551,44.6469950283254],[-63.607167780871,44.6469582847415],[-63.6071167837689,44.6469198112717],[-63.6070683581188,44.6468796912539],[-63.6070226088201,44.6468380115926],[-63.6069796349748,44.646794862571],[-63.606939529673,44.6467503376552],[-63.6069023797906,44.6467045332919],[-63.6068682658015,44.6466575486997],[-63.6068372616035,44.6466094856536],[-63.6068094343579,44.6465604482653],[-63.6067848443439,44.646510542757],[-63.6067635448283,44.646459877232],[-63.6067455819502,44.6464085614398],[-63.6062461572798,44.6453909999833],[-63.6057397446148,44.6443943165594],[-63.6056183983896,44.6441483570914],[-63.6055996663353,44.6441193225636],[-63.6055789997015,44.6440909602424],[-63.6055564460007,44.6440633353339],[-63.6055320570839,44.6440365113488],[-63.6055058890213,44.6440105499568],[-63.6054780019732,44.6439855108442],[-63.6054484600519,44.6439614515772],[-63.6054173311745,44.6439384274694],[-63.6053109596766,44.643858042612],[-63.6052087884856,44.6437749453175],[-63.6051109541228,44.6436892466089],[-63.6050175873145,44.6436010609858],[-63.6049288128176,44.6435105062708],[-63.6048447492528,44.6434177034525],[-63.6047655089457,44.6433227765236],[-63.6046911977775,44.6432258523155],[-63.603655748377,44.6414503466015],[-63.6036145586919,44.64140368401],[-63.6035715212299,44.6413578734179],[-63.6035266707815,44.6413129518595],[-63.6034800436026,44.6412689556503],[-63.6034316773852,44.6412259203577],[-63.6033816112275,44.6411838807724],[-63.6033298856014,44.6411428708805],[-63.6032765423207,44.6411029238353],[-63.6032216245066,44.6410640719313],[-63.6031651765532,44.6410263465775],[-63.6031072440916,44.6409897782723],[-63.6030478739527,44.6409543965788],[-63.6029871141299,44.6409202301007],[-63.6029250137397,44.6408873064596],[-63.6028616229824,44.6408556522721],[-63.6027969931014,44.6408252931288],[-63.6027074605346,44.6407801551604],[-63.6026191950364,44.6407337709707],[-63.6025322308632,44.6406861585584],[-63.6024466017658,44.6406373363992],[-63.6023623409773,44.640587323438],[-63.6022794811995,44.6405361390819],[-63.6021980545906,44.6404838031928],[-63.6021180927526,44.6404303360792],[-63.6020396267189,44.6403757584888],[-63.6019626869424,44.6403200916004],[-63.6018873032837,44.6402633570151],[-63.6018135049994,44.640205576749],[-63.601741320731,44.6401467732235],[-63.6016707784934,44.6400869692574],[-63.6016019056642,44.6400261880579],[-63.6015347289732,44.6399644532112],[-63.6015154987379,44.6399499878416],[-63.6015733448523,44.6399333671396],[-63.6028159960629,44.6395665625096],[-63.6037743996564,44.6392885987326],[-63.6038444987913,44.6392682679741],[-63.6044781075106,44.6390844969495],[-63.6049544697328,44.6389432337446],[-63.6066232008658,44.6384617069653],[-63.6107083803502,44.6372827577524],[-63.6121236617073,44.6379270965304],[-63.6158485197447,44.6397299432447],[-63.6192069459945,44.6413552460851],[-63.6193193306264,44.6414590699575],[-63.6195696255191,44.6415626974201],[-63.6204650832623,44.6419582990167],[-63.6211547720082,44.6423777052473],[-63.6208697410601,44.6438496789797],[-63.6209932975542,44.6439535293973],[-63.6211114267576,44.6440605287851],[-63.6212239702449,44.6441705336268],[-63.6213307770814,44.6442833963759],[-63.6214317040261,44.6443989656535],[-63.6215266157239,44.6445170864513],[-63.6216153848864,44.6446376003399],[-63.6216978924634,44.6447603456811],[-63.6217740278023,44.6448851578448],[-63.6218436887962,44.6450118694298],[-63.6219067820213,44.6451403104886],[-63.6219632228618,44.6452703087552],[-63.6220129356237,44.6454016898761],[-63.6220558536362,44.6455342776446],[-63.622091919341,44.6456678942365],[-63.6221210843694,44.6458023604492],[-63.6225602275927,44.6472058779006],[-63.6177951312361,44.6499694523598],[-63.6177372258603,44.6500018767174],[-63.6176814795021,44.6500361626417],[-63.6176280103068,44.6500722374659],[-63.6175769315939,44.6501100247321],[-63.6175283516163,44.650149444353],[-63.6174823733314,44.6501904127818],[-63.6174390941828,44.6502328431894],[-63.6173986058936,44.6502766456484],[-63.6173609942722,44.6503217273235],[-63.6173263390303,44.6503679926685],[-63.617294713614,44.6504153436288],[-63.6172661850485,44.6504636798493],[-63.6172408137952,44.6505128988866],[-63.6172186536245,44.6505628964271],[-63.6171997515013,44.6506135665071],[-63.6171841474855,44.6506648017379],[-63.617070430652,44.651564013494],[-63.6169994591477,44.6515504460511],[-63.6169275643261,44.6515396147133],[-63.6168549544581,44.6515315508595],[-63.6167818398865,44.6515262778507],[-63.6167084324159,44.6515238109632],[-63.6166349446995,44.6515241573434],[-63.6165615896228,44.6515273159881],[-63.6164885796874,44.6515332777464],[-63.6164161263946,44.6515420253469],[-63.6163444396336,44.6515535334477],[-63.6162737270728,44.6515677687094],[-63.6162041935585,44.651584689892],[-63.6161360405215,44.6516042479745],[-63.6160694653934,44.6516263862966],[-63.6160046610348,44.6516510407233],[-63.6159418151768,44.6516781398303],[-63.6150157320689,44.652213021042],[-63.6138005046273,44.6513437074782],[-63.6130913377111,44.6508418271882],[-63.6123924861493,44.6503440645531],[-63.611664425866,44.6498559821862],[-63.6109358068306,44.6493635135392],[-63.6102030375787,44.6488790989409],[-63.6094857741468,44.6484033604288],[-63.6077675000275,44.6472792866161]]]},"properties":{"GLOBALID":"8872bb17-e781-4b65-b692-a1e4d41bd6c0","OBJECTID":16,"PKNGZONE_ID":14,"ADDDATE":"Wed, 15 Jan 2020 13:30:06 GMT","MODDATE":"Wed, 15 Jan 2020 13:30:31 GMT","SDATE":"Mon, 16 Dec 2019 00:00:00 GMT","SOURCE":"PARKING","SACC":"DG"}}]}